title,keywords,content,publish_at,id,summary,related_stocks,uuid
〈台股盤前要聞〉外資擴大賣超278億出脫台積電、資金避險回流美元,"['台股', '台股盤前', '台股盤前要聞']","4/15 台股盤前要聞


1. 台北股市集中市場 15 日下跌 286.8 點，跌幅 1.38%，收盤指數報 20449.77 點，失守 10 日線，市場成交值爲 4783 億元，三大法人賣超 338.54 億元，除投信買超 27.41 億元外，外資賣超 267.91 億元，主要賣超聯電 (2303-TW)、華邦電 (2344-TW) 及燿華 (2367-TW) 各檔賣超張數都在 1.5 萬張以上，台積電 (2330-TW) 也遭賣超 11843 張。


2. 新台幣 15 日全日處貶值態勢，最低一度來到 32.39 元，貶值 9.7 分，終場收在 32.378 元，貶值 8.5 分，台北外匯經紀公司成交值 9.91 億美元，資金回流美元的避險情緒轉強，但交投量並未失控，匯市未見明顯的恐慌氣氛。


3. 上周末中東戰局一觸即發，伊朗史上首度從本土對以色列領土發動攻擊，不過，由於美國總統拜登表態不支持以色列反擊，緊張情勢略降溫，法人認為，此次伊朗攻擊事件應暫時不會引發成為區域性戰爭，首當其衝的海運業者也暫時沒有供應鏈再度斷鏈的可能性。


4. 櫃買中心公告上櫃公司 2 年董監酬金支領資訊，有 209 家上櫃公司去年虧損仍發董事酬金，其中有 4 家公司平均每位董事酬金逾百萬元，以台嘉碩（3221-TW）為最，去年度虧損 1360 萬元，全體董事酬金卻達 1546.5 萬元，平均每位董事薪酬 171.8 萬元。


3/20 以來最大賣超 外資甩賣台股 268 億元 台積電遭出脫 1.18 萬張


〈房產〉3 月房地合一稅創同期新高 新北竄起成繳稅王


〈台股盤後〉地緣恐慌情緒漲 收跌 286 點 2 萬點之上日 K 首現空方缺口


〈台幣〉資金回流美元避風港 收貶 8.5 分幸量能未失控


中東戰雲密布 供應鏈瓶頸暫無憂 海運三雄股價續跌


上櫃「肥貓」董監現形 台嘉碩、大宇資、穩懋、生華科為前四肥


美國廢鋼走揚 豐興鋼筋基價調漲


中鋼 5 月盤價開平盤 看好鋼價築底走升


台股個股焦點新聞


力積電 Q1 虧損收斂 地震影響 Q2 出貨 5-8% 估可獲理賠 50-60%


明揚將獲母公司明安發行新股換股 9/30 下櫃 換股比例 1：0.54


軍工及航太股強勢 波力 - KY 突破盤整區漲停創天價


以伊衝突引爆無人機題材 雷虎亮燈挑戰新高價


錼創今年增加移轉設備銷售 董座李允立：可貢獻營收 10-20%


大樹董座鄭明龍：策略不變繼續展店 再併苗栗芳鄰藥局


銅價概念股出運 大亞股價發光又發電爆量漲停


神盾旗下乾瞻 D2D IP 獲採用 導入 AI 晶片大廠


鴻海旗下鴻騰發布正面獲利預告 Q1 估較去年同期虧轉盈


佳世達旗下明基醫院遞交香港上市申請文件 財務穩健增長",2024-04-16 05:10:08,23337,台股盤前要聞,"['聯電', '華邦電', '燿華', '台積電']",fc2d05f5-91f0-4d7b-a67c-4eda472971ca
【鑫攻略早報】難盤見高手!預告佳龍噴出!!再度印證!,"['趨勢分析', '亨達投顧', '邱鼎泰', '輝達', '美時', '保瑞', '第一銅', '金益鼎', '佳龍', '昇貿', '世芯', '威盛', '華新', '長榮']","以色列揚言對伊朗的襲擊進行反擊，10 年美債收益率一度突破 4.66%(目前報 4.60%)美股科技股領跌，四大指數都跌，今晨道瓊收跌 0.6% 標普大跌 1.2%，那指跌約 1.8% 費半跌 1.4%。黃金 (期) 再度突破 2400 美元 / 盎司，銅鍚都再創波段新高。原油期則是小回。


其他重要個股，蘋果 (AAPL-US) 跌 2.1%，微軟 (MSFT-US) 跌近 2.0%，META-US 跌 2.2%，亞馬遜 (AMZN-US) 跌 1.3%。伺服器大廠美超微 (SMCI-US) 續跌 1.7%，谷歌 (GOOG-US) 跌 1.8%，費城半導體的輝達 (NVDA-US) 跌約 2.5%，超微 (AMD-US) 跌 1.8%，半導體權重股博通 (AVGO-US) 跌 2.5%，記憶體大廠美光 (MU-US) 跌約 1.0%，台積電 ADR(TSM-US)跌 1.6%，特斯拉 (TSLA-US) 大跌 5.5%，AI PC 兩檔美股指標股英特爾 (INTC-US) 逆勢漲 1.7%，戴爾 (DELL-US) 持平小漲。兩檔減肥藥大廠諾和諾德 (NVO-US) 小跌 0.5%，禮來 (LLY-US) 持平小跌。羅素 2000 指數跌 1.4%，散裝指數 BDI 和 BCI 指數週一小漲小跌，台股夜盤指數跟著美股續大跌 216 點。


台股昨日大跌 286 點跌幅為 1.3%，亞洲股市中日股跌 0.7% 韓股跌 0.4%，全球重要市場的指數都跌破了月線，台股目前的月線在 20280 的位置，因此除非美股從現在開始強力上漲，不然台股基本要來到月線以下才合理。不過亞股今天的陸股則表現非常的強勢開低走高終場大漲 1.2%，這應該與中國的國家隊進場有關，陸股中字輩的個股今日全面大漲，陸股的製造業指數 PMI 告佈後明顯成長，上週老師提過，華爾街多家投行都紛紛建議可開始投資陸股，除了基本面有復甦的現象，最主要還是位階夠低，賣高檔的美股轉入低檔補漲的陸股，這是現在金融市場聰明資金 (Smart Money) 的作法，而這也告訴投資人，選股的方向不要忽略了陸股的內容。




本週觀察的重點仍在美國財報季和中東事件有無擴大，上週的美股的銀行股財報後股價跌，這不是好的預兆，中東戰事則看油金，上週六，英美同時禁止俄買斯的銅鎳鋁的交易，黃金銅和基本金屬今日在亞洲盤表現不俗，如上所說的陸股的景氣復甦陸股的上漲也是以內需原物料為主，所以在大環境仍是多頭的背景下，選股的方向已明朗了, 首先是黃金概念股，佳龍 (9955-TW) 上週還要大家留意佳龍此檔股將噴出，在台股今天大跌 286 點，佳龍直接攻漲停並創近 3 年新高，金益鼎 (8390-TW) 差一點突破高點，此兩檔老師推荐至今都看到 30% 以上的獲利空間，第一銅 (2009-TW) 今天也創波段新高，這檔個股我們則是賺足 60%。環顧整個投顧界，也只有老師在波段起漲點推荐銅金概念股，原因無他，就是看到原物料黃金銅的大漲。至於鍚價概念股昇貿 (3305-TW) 今天小漲但意思到了，快佈局別等噴出! 華新(1605-)TW 是鎳的概念股，與印尼雅加達股市有關(冰鎳)，印尼股市連漲 2 天，華新蓄勢待發!!


來談談長期持有並且不斷地低買高賣的長榮 (2603-TW)，最近一次是 190 元以上賣出，162 元季線附近買回，本專欄每次的買賣點都講述的非常清楚，昨天的長榮最高 180 元，短線又是一成以上到手，從去年長榮建議除息前買至今高出低進獲利近 2 倍，怎麼都比 ETF(之亂) 好太多了。更要留意的是上週老師提到長榮將引領此波散裝海運股再攻一波大行情，大家可以開始拭目以待了，


電子股部分，在 AI 晶片中只挑威盛 (2388-TW)，原因也跟美對中制裁有關，這個轉單效應，讓威盛連漲 2 天，比較世芯(3661-TW) 今日持續破底，選股功力，已見分曉。


生技股是老師最看好的類股族群，美時 (1795-TW) 上週創歷史高點，昨日小回，上週利用保瑞 (6472-TW) 跌至 760 元附近買回，昨天高點看到了 835 元。四月生技月，持續堅持。


最新的老師的會員『免費』影音已經錄好了! 歡迎大家趕快去看! 有好的個股喔!!


好股都在老師的影意和 LINE 裡頭。新的飆股請投資朋友快鎖定老師的免費影音。


近日操作難度提高了，投資朋友若有操作上或持股的問題歡迎加入老師的 LINE。LINE 好友連結 : 
https://lin.ee/5fbMyC2
。


最新影音 (請點影音上方標題至 Youtube 收視品質會更佳)




您可以點選下方黃色圖，股票健診或詢問入會，將有專人會協助您!




台股鑫攻略，帶您掌握全世界，跟著邱老師，穩中求勝才是您的最佳操作策略。台股鑫熱線 02-2653-8299。


文章來源：邱鼎泰分析師 / 亨達投顧


本公司所推薦分析之個別有價證券

無不當之財務利益關係 以往之績效不保證未來獲利

投資人應獨立判斷 審慎評估並自負投資風險",2024-04-16 07:36:40,23336,無摘要,"['金益鼎', '長榮', '威盛', '世芯-KY', '保瑞', '佳龍', '昇貿', '第一銅', '美時', 'Novo Nordisk - ADR', '戴爾電腦', '英特爾', '特斯拉', '台積電', '美光', '博通', '超微', '輝達', 'Google', 'Super Micro Computer Inc', '亞馬遜', '微軟', '蘋果', '禮來公司']",b66a052b-12be-4d63-a787-88be90a92fa0
操盤手看台股：政策股成避風港，一族群優先鎖定,"['趨勢分析', '蔡正華', '台股', '亞力', '玖鼎電力', '盛達']","擔憂通膨居高不下，部分美 Fed 官員已表示在看到更多物價回落證據前，不願開始降息；而中東情勢趨於緊張，伊朗空襲以色列後，恐慌指數 VIX 升到 2024 年最高，市場擔心戰事擴大，整體行情就在通膨壓力及地緣政治等雙重利空下，指數拉回整理。週一台股開低走低，指數終場下跌 286 點，以 20449 點作收，K 線收中黑 K。若由期貨來觀察大盤，上週五台指期一度出現多方抵抗，但在週一，空方藉由利空表態，直接摜破 4/9 日紅 K 低點 20518 點，台指期的日 K 線出現日級別日落訊號，行情由空方取得上風，目前看上週低點 20375 點是否有守。短線上，週一台股的日 K 線出現日級別的日落訊號 (當日低點跌破前一日低點，同時收盤收低)，而 4/9 日紅 K 低點 20521 點也被跌破，顯示本週空方反攻意圖升溫。目前大盤的週 K 線正在回測上週低點 20379 點，多方要能力守該位置，短期內才有機會再戰上週高點 20883 點，讓大盤的週 K 線維持著高過高且低不破低的多方慣性。若是多方不守上週低點，則週 K 線原本的多方慣性將被破壞，整理期會拉長，行情將會進入一段時間的高檔震盪，個股之間也會加速分歧。


盤面上，隨著賴清德先生即將就任總統，先前已參訪了多家信賴產業的公司。這些產業被市場認為是新總統上任後，可望進一步扶持的對象，故一直獲得市場關注。當中多次提到的無人機產業，隨著現代戰爭方式改變，各國積極投入軍用無人機採購、部署與研發，該產業未來發展看好，果然繼俄烏戰爭後，近日以伊衝突也以無人機型式展開，無人機重要性明顯增加，一路看好的雷虎、中光電、邑錡等，週一股價再度大漲，相關漲勢也往航太軍工產業擴散，如漢翔、亞航、榮剛、晟田、長榮航太等股價也全面走強，當中長榮航太跨足無人機領域，而榮剛生產無人機體特殊鋼結構與零件，營運具想像空間，後續值得優先鎖定。本波同樣看好的泛能源概念股 (含台電供應鏈)，週一走勢分歧，鎖定的亞力再創新高、玖鼎電力、盛達震盪向上，而電線電纜的大亞、華榮、合機也走強。反倒是漲幅較大的華城、士電、中興電呈現創高後的壓回，顯示也有資金對於漲多股進行了獲利了結。目前要觀察這些資金獲利後的新去向，若是國際情勢持續不穩，則資金將進一步轉往防禦型個股，當中的高股息殖利率股，如成霖將配發 1.2 元現金，現金殖利率逾 6%，長虹將配發 5.5 元現金，現金殖利率逾 5%，週一股價就大漲，而具避險色彩的黃金概念股，如佳龍、金益鼎等，週一也有買盤進駐，股價維持強勢。至於上週曾提到泛 AI 股漲勢趨緩，組裝代工的廣達、鴻海股價已相繼出現轉弱後，週一跌勢有擴大跡象，除了少數中小型股，如吉茂、勤凱等維持強勢外，不少泛 AI 股的週 K 線也轉弱，後續要提防股價滑落，多方若要維繫人氣，讓泛 AI 股盡快止穩很關鍵，更多盤面機會可鎖定 Line@粉絲團。


文章來源：摩爾投顧 
蔡正華分析師


======================================================


歡迎大家轉貼本文，並加入《蔡正華金錢道》


Line@頻道：
https://lin.ee/om1quOp


（ID：@goldmoney168）


Youtube 頻道：


https://www.youtube.com/channel/UCIWkfrpw6l-jFhFejLrzC-A


FB 臉書粉專：
https://www.facebook.com/goldmoney168/


本公司所推薦分析之個別有價證券

無不當之財務利益關係 以往之績效不保證未來獲利

投資人應獨立判斷 審慎評估並自負投資風險",2024-04-16 08:00:05,23335,無摘要,[],a886c665-fc4c-42c6-96d6-56422c3509ad
卡到車電及高頻電感的大商機,"['萬寶投顧', '黃清照', '趨勢分析']","台股在 4/9 由於台積電大漲到 819 元，兼以高本益比重電股：華城 (EPS 13.5、股價 853)，士電(EPS 8.5、股價 34.5)，亞力(EPS 3.8、股價 128) 全面漲停板，使指數飆漲 378 收在 20796，這個盤勢我看到一個大行情，由於高本益比股拉開低本益比如 AI 伺服器(緯創、建鼎、台星科、台光電、辛耘、奇鋐、光寶科、國巨、華新科、勤誠、旺矽、力致、廣達… 等)，車電(世德、堤維西、佳邦、立隆、東陽、帝寶、興勤、貿聯、胡連、健和興、朋程、乙盛、裕隆、華車…)，業績股(瑞儀、中美晶、環球晶、矽格、欣銓、頎邦、聯電、閎康、啟碁、中磊、智易、晶技、聚合、萬泰科、宏泰、榮電、群聯、威剛、致新、義隆電、聯陽…)，由於本益比都低於 20 倍以下、甚至 15 倍，這一些一拉回逢低買盤就可分批切入，未來必有大錢可賺。


佳邦：卡到車電及高頻電感的大商機


佳邦去年 EPS 5.01，但 Q4 營收 17.693 億較 Q3 的 17.93 季減 1.3%，但細究本業獲利 2.73 億較 Q3 的 2.29 億、季增 18.68%，而表徵的 Q4 EPS 雖只有 0.83 元較 Q3 的 2.07 大幅衰退，但主要是由 Q4 提列 1.55 億的匯兌損失造成，純本業獲利接近 1.9，佳邦營收內涵：天線 55%、功率電感 24%、網通 23%，這三大業績今年都進入高速成長，天線由燃料車使用 1~2 隻，佳邦轉到電動車使用天線 8 隻以上，功率電感由於 NVIDIA 的 GB200 伺服器大單的貢獻，不只液冷受益，電感也大大受益，除量暴增 2~3 倍，價格更是一般的 5~8 倍，而大受益的在國巨及佳邦。另網通 Q2 開始轉好。所以佳邦卡到三大商機，由於台幣 Q1 貶值 1.225 元，佳邦 Q1 EPS 會大好，單季 EPS 1.8~2.3 全年 EPS 6.6 元，各位試想亞力 EPS 只有 3.8 股價高達 128，凸顯佳邦的嚴重低估。各位在圖中的 K 線來看若有回到  可大膽切入，未來我認為佳邦會超越亞力的股價。




【本文未完，全文詳情及圖表 請見完整內容萬寶週刊】


更多精彩文章延伸閱讀：
點我看更多",2024-04-16 09:00:07,23334,無摘要,[],3dfe94ad-bf67-4a44-a509-a36a4db4384e
外資期現貨偏空 長線多單可適度調節,"['趨勢分析', '永豐金證券', '期貨', '多單']","【加權指數觀察】


加權指數昨天出現 2023 年 11 月以來首次跌破缺口支撐的現象，就多方力道而言是明顯示弱的跡象，配合成交量同步放大的情況下，長線佈局者應部分調節甚至出場觀望。


■ 延伸閱讀推薦：
量化交易是什麼? 如何自學? 不用寫程式也能做量化?


■ 活動推薦：
【專家講座】2024 新篇章 揭密量化交易


【小台散戶多空比】


小台散戶多空比的由空翻多，並且散戶的多方力道較過往更強，顯示下跌的走勢對散戶而言是一個機會而非風險，但同步觀察外資籌碼，可以發現外資除了現貨賣超外更在期貨市場翻空布局，因此建議短期不宜抄底低接。


【台指期貨 PC Ratio】


台指期貨的 PC Ratio 走低，雖然還處於多方格局，但衰減的幅度太大下，短期波動或將加劇，但上方壓力遞增下，追高布局風險過高。


【小結】


價格的角度思考，跌破缺口支撐是一個多方力竭的警訊，留意較大幅度回檔修正。外資籌碼的角度思考，已經翻空布局，建議長線多單可適度調節。


■ 延伸閱讀推薦：
冷門股策略選股怎麼挑? 風險報酬一文掌握!",2024-04-16 09:17:42,23333,無摘要,[],8e377477-57ae-4445-884a-75631f018401
華南金控支持首屆社區棒球國手選拔 12搶1冠軍將赴日進軍LLB資格賽,"['華南金控', 'TLLB CUP', '少棒']","台灣世界少棒聯盟 (TLLB) 主辦及華南金控主要贊助的 「113 年 TLLB CUP U13 台灣社區棒球錦標賽」，於昨 (15) 日舉行開賽記者會， 為 4/27 起跑的賽事揭開序幕，共有來自全國各地的 12 支球隊參加。 


首屆「TLLB CUP U13 台灣社區棒球錦標賽」的冠軍隊伍，將代表我國赴日參加 LLB 50/70 組亞太暨中東區資格賽，此為國內以社區棒球隊為主體參與國際賽事的首例。台灣世界少棒聯盟理事長黃英華為感謝華南金控長期推動國內基層棒球發展，特別公開表揚並致贈感謝狀，由華南金控處長陳伯壎代表受贈。


本屆賽事由今年度加盟 LLB 中階賽事 50/70 組資格的國內 18 支隊伍報名參 加，分五區競賽後，最終有 12 支球隊脫穎而出晉級賽事，相關賽事將於 4 月 27、 28 日及 5 月 4、5 日在桃園青埔運動公園棒球場及大園國中棒球場同時開打。


12 支球隊分別來自南區聯盟：盛樂地臺南犀牛；臺中聯盟：臺中健行小牛、大神岡 社區棒球聯盟、臺中騎士社區棒球隊；新北聯盟：新北光芒社區棒球隊、火焰勇 士；臺北聯盟：WHB 世界棒球聯盟、臺北波特、藍色閃電野牛；桃園聯盟：中 大紅襪、能量棒球學院、夢無限棒球俱樂部。


華南金控從民國 96 年起推廣「一球圓一夢」基層棒球培育計畫，每年舉辦 棒球營隊及捐贈球具，也支持國內及國際棒球賽事。過去 2 年攜手 TLLB 舉辦全 國社區學生棒球大賽，今年加碼支持專屬社區棒球隊的國手選拔賽。此外，華南銀行也將於冠軍賽當日準備限量好禮，歡迎民眾到場為小球員加油。",2024-04-16 09:20:16,23332,台灣世界少棒聯盟 (TLLB) 主辦及華南金控主要贊助的 「113 年 TLLB CUP U13 台灣社區棒球錦標賽」，於昨 (15) 日舉行開賽記者會， 為 4/27 起跑的賽事揭開序幕，共有來自全國各地的 12 支球隊參加。 ,[],13249142-a8fe-45e7-84f8-6fec12efe469
〈台股開盤〉跳空開低一度挫近400點 進入2萬點保衛戰 台積電跌破800元,"['中東戰事', '台股開盤', '伊朗', '以色列']","中東戰事未停歇，恐慌指數 VIX 持續飆升，拖累台股今 (16) 日再度跳空開低走低，一度急殺近 400 點，最低來到 20050.63 點，摜破月均線，且持續下探，權值股、AI 族群全倒，昨 (15) 日較強的軍工及重電也走跌，預估成交量 6700 億元。 


今天權值股全面走弱，台積電 (2330-TW) 跌破 800 元，跌幅 1.12%，但仍守住月線，聯發科 (2454-TW) 跌 2.7%，鴻海 (2317-TW) 跌 3.42%，台達電 (2308-TW) 跌 1.46%，日月光 (3711-TW) 跌 2.5%，大立光 (3008-TW) 跌 1.31%。 


AI 族群也幾乎全倒，緯穎 (6669-TW) 跌 3.93%，緯創 (3231-TW) 跌 3.35%，英業達 (2356-TW)、廣達 (2382-TW)、宏碁 (2353-TW)、華碩 (2357-TW) 也都有 1% 至 2% 的跌幅。 


昨天強勢軍工類股也走跌，龍德造船 (6753-TW) 跌逾半根停板，雷虎 (8033-TW) 跌 4.8%，漢翔 (2634-TW) 跌 3.62%，豐達科 (3004-TW)、寶一 (8222-TW) 都有超過 2% 的跌幅。 


重電族群方面，亞力 (1514-TW)、中興電 (1513-TW) 跌逾半根停板，東元 (1504-TW) 跌 3.21%，大同 (2371-TW) 跌 3.26%，華城 (1519-TW)、士電 (1503-TW) 也有 1% 至 2% 跌幅。 


台指期夜盤方面，昨日下跌 216 點或 1.05%，終場以 20290 點作收。台股 ADR 部分，台積電 ADR(TSM-US) 跌 1.67%，聯電 ADR(UMC-US) 跌 1.88%，日月光 ADR(ASX-US) 跌 0.18%，中華電 ADR(CHT-US) 漲 0.34%。 


中東局勢震盪，美股四大指數全數走跌，道瓊指數下跌 248.13 點或 0.65%，收 37735.11 點；那斯達克下跌 290.08 點或 1.79%，收 15855.02 點；標普 500 指數下跌 61.59 點或 1.2%，收 5061.82 點；
費城半導體
指數下跌 65.95 點或 1.39%，收 4679.10 點。",2024-04-16 09:39:19,23331,中東戰事未停歇，恐慌指數 VIX 持續飆升，台股今日再度跳水逾 300 點，早盤開低走低，最低跌至 20050.63 點，摜破月均線，權值股、AI 族群全倒，昨 (15) 日較強的軍工及重電也走跌，預估成交量 6700 億元。,"['大同', '緯創', '聯發科', '士電', '台積電', '鴻海', '台達電', '日月光投控', '大立光', '緯穎', '英業達', '東元', '廣達', '華城', '華碩', '龍德造船', '雷虎', '漢翔', '豐達科', '寶一', '亞力', '中興電', '\ufeff宏碁', '台積電', '聯電', '日月光', '中華電信']",41f4ba93-f528-44a9-85f1-fe17c343c3b5
兆豐證券海外投資利器  MegaGo首推以股計算手續費,"['兆豐證券', '複委託', 'MegaGo', '趨勢分析']","美國經濟持續穩健，強勁的就業數據，加上人工智慧（AI）題材領軍，帶動美國股市一路攀升，而台股指數也在強勢族群及高股息的熱潮下，推升整體市場的量能。兆豐證券指出，近半年線上開戶數持續增加，其中有 80% 的開戶客戶同時開立海外複委託帳戶，顯示台灣投資人積極布局海外市場的意願。


兆豐證券長期致力提供優質的海外市場服務，高達 17 個國家、20 個交易市場可提供電子交易，適合海外交易投資。兆豐證券領先業界推出美股「MegaGo 每股購」，採用以股計費的收費方式且低收均一價，不僅大幅降低交易成本，特別針對想買進高價美股的投資人而言，更能提升投資效率，讓資金發揮更大的效用。「MegaGo 每股購」解決投資人交易美股的痛點，大獲投資人好評，並在 2023 年甫推出即榮獲國家品牌玉山獎最佳產品獎的殊榮。


線上開立證券帳戶賺好康，兆豐證券祭出新戶優惠，在兆豐證券首次線上開戶即送 1200 元手續費折抵金，約定以兆豐銀行 MegaLite 數位帳戶作為交割戶，加碼再送 600 元手續費折抵金，新戶在活動當月，台股及美股電子成交金額每達新台幣 10 萬元就有機會抽中 iPhone15、AirPods 等豐富大獎。此外，不論新舊戶，只要在活動期間累積台股及美股電子成交金額達新台幣 5,000 萬元，還有機會抽中 Gogoro 電動機車。相關開戶活動資訊，請至兆豐證券「投資眉角就找 Mega」線上開戶抽好禮活動網頁 (
https://events.emega.com.tw/securities/254
)",2024-04-16 10:00:18,23330,無摘要,[],737c20a2-db97-44f7-94e0-eac0001fe094
隔日沖鎖定尾盤強拉股,"['萬寶投顧', '張文赫', '趨勢分析']","隔日沖的選股策略是透過嚴格的篩選條件，找出具有爆發潛力的股票，隔天一睡醒、即可獲利出場，如何提高這套策略的勝率，掌握這三個字，絕對讓你在操作上無往不利。


掌握量價結構


在尾盤觀察隔日沖飆的有三個重點，第一個量，第二個價，第三個就是勢，首先重要關鍵就是量，量為什麼重要？一檔股票尾盤出現爆量有 3 個含意:


1、買單進場 2、主力心態 3、預先卡位，所謂量比價先行，意思是攻擊量出現，主力準備拉抬。


第二個就是所謂的價，量出來之後，價格往上衝，代表主力要拉開成本空間，但是這邊有個新手很容易犯的錯誤，就是會被價格迷惑，看到股價衝上去就近進去追價，忘記重點要先看量，有量才表示價格是真的，否則可能只是主力做價，準備出貨。操作隔日沖，盡量在尾盤找出接近漲停的個股，或者股價在當日最高點附近。

 


第三個就是所謂的勢，隔日沖要看的就是盤中的走勢，勢到底是怎麼樣強度要怎麼看？

 


最好整場維持在漲幅 5% 以上，表示今天控盤者沒有要出貨的打算，尾盤再出現拉抬，就有隔天續攻的空間。


【本文未完，全文詳情及圖表 請見完整內容萬寶週刊】


更多精彩文章延伸閱讀：
點我看更多",2024-04-16 10:00:20,23329,無摘要,[],29c38920-b53c-4468-a28e-c9eb6443f023
〈焦點股〉合機銅、電雙題材護體 .逆勢漲逾半根停板創新高,"['合機', '線纜', '台電強韌電網計畫', '銅價']","台股大盤指數今 (16) 日重挫逾百點，不過合機 (1618-TW) 受惠紐約期銅價格走強，每磅站穩 4.3 美元之上，加上台電強韌電網助攻，繼昨 (15) 日強攻漲停後，今天無懼台股大跌，逆勢走揚，漲逾半根停板，股價價寫下歷史新高。 


合機今天早盤以 48.5 元開高走高，盤中最高漲至 51 元，漲逾半根停板，股價創下歷史新高，站上所有均線，且成交爆量超過 4 萬張。觀察三大法人籌碼動向，三大法人呈現連 2 買，合計買超 2143 張。 


合機獲台電強韌電網計畫中 69kV、161kV 以及 345kV 超高壓等訂單，在手訂單超過 50 億元。合機 3 月營收 5.41 億元，月增 1.78 倍，年增 24.28%；累計今年第一季營收 9.92 億元，年增 22.93%，創同期新高。",2024-04-16 10:08:48,23328,台股大盤指數今 (16) 日重挫逾百點，不過合機 (1618-TW) 受惠銅價走強，加上台電強韌電網助攻，繼昨 (15) 日強攻漲停後，今天無懼台股大跌，逆勢走揚，漲逾半根停板，股價價寫下歷史新高。,['合機'],e9098088-e15a-4708-859e-004630292bc0
三星高層來台推廣自家HBM 主力代理商至上添營運新動能,"['至上', '記憶體', 'HBM', '三星', '訪台', '碰面']","三星共同執行長慶桂顯此次訪台拜訪多家供應鏈與合作夥伴，主要目標要推廣自家最新的高頻寬記憶體 (HBM)，至上 (8112-TW) 長期與三星合作，是三星在大中華區的主力代理商之一，此次雙方也傳出會面，討論 HBM 等相關事宜。


現階段市場對 HBM 供不應求，三星也積極擴充 HBM 產能，期望搶食 AI 晶片市場大餅，至上代理三星眾多產品線，包括 NAND、DRAM、CIS 與驅動 IC 等，此次隨著三星強力推廣，至上也可望再增添營運新動能。


至上目前正與國內外客戶進行接洽，預計最快今年底開始就有機會看到營收貢獻，明年會有較顯著的效益顯現，搭上 HBM 成長列車。


至上 3 月受惠三星積極拉抬記憶體價格，加上出貨量回溫，營收創下歷史新高，達 253.24 億元，月增 60.48%，年增 168.4%，累計第一季營收 558.22 億元，年增 125.62%。",2024-04-16 10:11:57,23327,三星共同執行長慶桂顯此次訪台拜訪多家供應鏈與合作夥伴，主要目標要推廣自家最新的高頻寬記憶體 (HBM)，至上 (8112-TW) 長期與三星合作，是三星在大中華區的主力代理商之一，此次雙方也傳出會面，討論 HBM 等相關事宜。,['至上'],a6c5ad13-d5fa-4b3b-94ed-67f38e451ea5
〈台幣〉股匯逃殺！貶破32.5元大關 近8年首見,"['美元', '匯率', '台幣', '台股', '降息', '通膨', '中東', '聯準會']","在美元強彈、資金快速出走的衝擊下，台北股匯市雙殺，加權指數今 (16) 日盤中重挫超過 400 點，多方拚守 2 萬點關卡，新台幣也一舉貶破 32.5 元心理大關，是 2016 年 6 月下旬以來首見，開盤一小時最低來到 32.514 元，貶值 1.36 角，貶幅近 0.4%。


市場預期，美國 6 月降息的機率已不到 20%，且年底前降息幅度恐由 3 碼減至 2 碼，再加上中東緊張局勢加劇，進一步促使資金轉向美元避風港。


央行外匯局長蔡炯民日前曾指出，3 月央行有調節匯市「拋匯阻貶」；進入 4 月後，由於中東局勢緊張，目前看來匯市震盪恐較 3 月大，有待觀察後續央行再見到較強勁的阻貶動作。


新台幣今日以 32.39 元、貶值 1.2 分開出後，隨即快速走弱，連破 32.4、32.5 元關卡，貶值超過 1.3 角。


觀察主要亞幣，在美元指數續彈升達 0.7% 的衝擊下，韓元重挫 0.7%，新台幣貶近. 4%，泰銖貶 0.3%，星元貶 0.2%，日圓、人民幣和港幣小貶 0.05% 上下。


美國最新製造業 PMI 與就業數據強勁，顯示美國經濟頗具韌性，但也造成聯準會官員近期談話偏鷹，市場預期降息幅度恐有變數，元大投顧分析，美國連續 3 個月物價超乎預期，可能令聯準會須重新思考物價崎嶇降溫的趨勢是否已改變，目前市場看 6 月降息的機率已降至 18.1%，年底前降息幅度則從 3 碼降至 2 碼。",2024-04-16 10:15:14,23326,〈台幣〉股匯逃殺！貶破 32.5 元大關近 8 年首見,[],4955356d-2141-414f-8f84-5f99eb20bdae
〈新內閣人事〉財經內閣大換血 崇越董座郭智輝任經濟部長 彭金隆接掌金管會,"['新內閣', '卓榮泰', '經濟部', '數發部', '國發會', '國科會', '公程會']","行政院新內閣人事第三場發佈會於今 (16) 日上午舉行，由準閣揆卓榮泰偕同準行政院秘書長龔明鑫主持及揭曉財經官員人選，卓強調這一波發佈是「智慧創新」，包括經濟部長郭智輝、國發會主委劉鏡清、金管會主委彭金隆、數位部長黃彥男、工程會主委陳金德及國科會主委吳誠文等 6 位。


準經濟部長郭智輝，曾任崇越集團董事長、台灣管理學會理事長、台北大學企業管理學系兼任教授、全球品牌管理協會副理事長、財團法人台灣亞太發展基金會常務董事、中華民國棒球協會理事，涉足半導體科技業，橫跨生技、光電、綠能、環保、健康等領域。


準數位發展部長黃彥男，為台灣資通訊領域的頂尖專家、中研院資創中心主任及特聘研究員，關貿網路公司董事，行政院數位國家創新經濟推動小組（DIGI＋）民間咨詢委員，涉足資通訊科技做跨領域研究，在資安、AI、智慧物聯網領域皆有專業，曾擔任許多政府部門的民間諮詢委員。


準國發會主委劉鏡清，前資誠創新諮詢公司董事長，也是業界少數具有產業實務與專業顧問雙重經驗的專家。


準國科會主委吳誠文，現為南台科技大學校長，國家運動科學中心的董事長，曾任清華大學副校長、成功大學副校長與工研院資訊與通訊研究所所長，在學術、研發與產業界資歷豐富，尤其在半導體產業領域更是突出，曾經是揚名國際、家喻戶曉的巨人少棒隊主力投手。


準金管會主委彭金隆，政治大學商學院副院長、政治大學風險管理與保險學系教授、台灣金融服務業聯合總會副秘書長、金管會保險局人身保險商品審查委員。


準公共工程委員會主委陳金德，現任信賴台灣之友會秘書長，曾任第 2 及第 3 屆國大代表、台灣中油董事長、宜蘭縣代理縣長。


第一波及第二波已公布之內閣名單，包括行政院長卓榮泰、副院長鄭麗君、秘書長龔明鑫、發言人陳世凱、內政部長劉世芳、交通部長李孟諺、法務部長鄭銘謙、教育部長鄭英耀、文化部長李遠（小野）。",2024-04-16 11:13:20,23325,由準閣揆卓榮泰偕同準行政院秘書長龔明鑫，主要為財經部會官員，卓強調這一波發佈是「智慧創新」，包括經濟部長郭智輝、國發會主委劉鏡清、金管會主委彭金隆、數位部長黃彥男、工程會主委陳金德及國科會主委吳誠文等 6 位。,[],81dff67c-66da-4174-9aa0-02bc46dfbb45
台股隨美股轉弱已成形 中東衝突引發通膨預期 五大受惠族群出列,"['中東', '油價', '軍工', '無人機', '伊朗', '以色列', '黃金', '美元', '通膨']","伊朗向以色列發射無人機和飛彈，升級中東緊張局勢，但美方已表態不會藉此對付伊朗，凱基投顧今 (16) 日分析指出，此意味本次衝突不至於引發大戰，但造成市場預期原預料價格飆升，並推遲聯準會降息時程，台股隨美股轉弱的趨勢已成形，短線建議投資人，可先聚焦中東衝突的五大受惠類股，包括煉油、貴金屬、軍工、無人機和貨櫃運輸。




圖表：凱基投顧提供。




凱基觀察，1940 年以來歷次國際重大戰爭或恐攻事件對股市的影響，只要未演變成世界大戰或美國本土未受波及，則對股市影響約 1 周內利空出盡，約 3 周內即收復起跌點，因此，凱基研判，本次伊朗與以色列的衝突事件對台股為短期影響。


不過，由於伊朗是產油國，儲存量占全球市占率 9%，且伊朗還揚言要封鎖荷姆茲海峽，而全球有 30% 的液化天然氣和 20% 的石油經由該海峽運送，因此，本次衝突的預期心理將容易推升石油價格，連帶推高黃金和美元等避險資產價格，進而引發對通膨的預期。


市場估聯準會降息時程將推遲，推升美債殖利率，並將對中長期經濟將帶來負面衝擊，而對通膨推升的預期心理，則視本次衝突何時結束和如何演變而定。


對於台股投資人選股策略，凱基建議，短期操作可聚焦在中東衝突的五大受惠類股，包括煉油、貴金屬、軍工、無人機和貨櫃運輸等，而中長期台股的長多格局未變，惟第二季至第三季恐漲多修正，先逐步轉為防禦型操作，首選高股息和低評價兼具個股。",2024-04-16 11:17:19,23324,中東衝突引發通膨預期 五大受惠族群出列,[],1c72bf80-c3fe-4b0a-9b50-ea7b440204c2
公勝保經支持勵馨「Run for love」 創造友善收養環境幫孩子找個家,"['公勝保經', '勵馨', '公益']","公勝保險經紀人 (6028-TW)  70 位業務夥伴化身愛心大使，日前參與勵馨基金會舉辦的「愛的接力賽 Run for love」活動，遊行響應勵馨基金會從事兒童收出養服務，讓更多民眾認識收出養家庭和創造友善的環境。


勵馨基金會投入收出養服務至今已達 20 年，台灣收養環境因文化及支持系統不足等多重問題，相較於社會福利制度較完善的歐美國家，特殊需求的孩子較難在台灣找到收養家庭，近年來有特殊需求的孩子越來越多，需要更多的照顧陪伴與醫療支持，並謹慎選擇最適合的收養家庭，目前平均每個孩子需要等待至少１年才能找到家。台灣每年約有 500 多個孩子，因現實的困難，無法在原來的家庭長大。


公勝保經支持與響應「愛的接力賽」親子遊行，捐贈 30 萬元予勵馨基金會，協助勵馨提供服務穩定孩子的身心發展、協助原生家庭做出養準備及輔導，並支持跟陪伴收養家庭等，以穩固孩子在收養家庭中好好成長。本次南區近 70 位業務夥伴也參與「愛的接力賽 Run for love」活動，關注收出養議題，幫助找家孩子築一個收養家庭。


公勝保經總經理蔡聖威表示，公勝成立 31 年來落實「不只是保險，我們分享愛」的公益理念，從內部同仁做起，推廣志工文化，再鼓勵團隊共同響應。勵馨基金會也是公勝長期支持的公益夥伴，每年支持勵馨進行少女培力運動，支持少女助學、培力、自立計劃，今年特別針對愛的接力賽活動支持，號召公勝業務夥伴以實際行動陪伴收出養的親子們一起遊行，集結每位夥伴的善心，發揮企業責任，建立同理、支持和友善收養的環境，幫助孩子都能找到家。",2024-04-16 11:18:26,23323,公勝保險經紀人 (6028-TW)  70 位業務夥伴化身愛心大使，日前參與勵馨基金會舉辦的「愛的接力賽 Run for love」活動，遊行響應勵馨基金會從事兒童收出養服務，讓更多民眾認識收出養家庭和創造友善的環境。,['公勝保經'],9c5ea29c-1e84-4bbc-96ab-f012be725ebe
【籌碼週報】重電補漲比價行情？PCB與檢測設備廠具族群性？一文掌握上週法人買超9檔個股,"['趨勢分析', '永豐金證券', '重電', 'PCB', '法人買超股']","一、投信近一週買超較多的股票 (2024.4.8-4.12)




上週投信買進之標的，買進共九檔，其中七檔電子股、兩檔傳產。聯茂與弘塑為連兩週買超的標的。族群性來說，半導體上游相關的檢測與設備 (穎崴、旺矽、弘塑) 以及 PCB(聯茂、金居、高技)具備族群性。


半導體檢測設備如穎崴、旺矽主要都是探針卡測試版相關供應商，主要受惠未來 AI 晶片的量產相關測試需求。而 PCB 部分，聯茂與高技受惠 AI、網通相關需求提升，金居主要反映在於銅價上漲對於銅箔廠售價將提升之預期。而另外兩檔傳產股，大亞反映市場對於重電的期待，具備補漲與比價行情。而長虹部分，因近期營建股均大幅上漲，長虹為營建股龍頭。


上週投信買超較多之個股當中，在法人籌碼跟著走專欄中，先前 4/9 挑出的亞力，累計兩日價差 11.1%。先前於上週提醒過的聯茂，本週再次上漲，累計 4 月以來價差 13%。另外良維部分，2/20 與 2/29 都有挑出，雖 3 月買超力道趨緩，但近期再度出現，累計價差 31%。


進入第二季，又是投信基金新的一季開始，法人選股換股的頻率將增加，而在此一時間，想要從初期就開始介入，並適逢台股於兩萬點的新高位置，關注投信動向就是個重點。可參考【法人籌碼跟著走】專欄。以日的角度提前挑選出法人相對看好之個股並每天更新，且在籌碼資金進駐下累計價差顯著。若想了解如何透過法人籌碼來達到提早佈局的先機，並與法人同步，可訂閱” 
法人籌碼跟著走
”。


二、最新價差一次看


完整內容請至
豐雲學堂
觀看！


延伸閱讀：


1. 
如何估算產業成長動能？秘訣就在 4/20 告訴你


2.
2024 股東會紀念品出爐，這一天買進才來得及領取！本周 62 檔股票最後買進日一文查詢


3.
【豐學 PRIME｜投資知識不再挑食】從總經、產業、個股、話題時事、到存股策略都幫你準備好，時間有限就看這些！


4.
【法人籌碼跟著走】透過投信動作，每天篩出 1~5 檔有價差潛力的公司，選股痛點一次幫你解決",2024-04-16 11:19:34,23322,無摘要,[],9acbabc7-6583-462b-ba24-5399a3e15c56
台股急殺逾500點破月線先別太悲觀  2大觀盤指標其實弱中透強,"['美股', '台股', '伊朗', '以色列', '台幣', '通膨']","台股加權指數今 (16) 日盤中跌點超過 530 點，直接摜破 2 萬點整數大關，預估成交值則飆上 5300 億元，帶量殺盤，據法人統計，史上曾出現 17 次盤中跌點超過 500 點的情況，不過，法人分析 2 個原因，其實大盤還是弱中透強，惟跌破月線後的技術指標翻空，短線最好狀況是先量縮整理。


法人指出，儘管台股遭受國際的系統性風險衝擊，事實上整體悲觀情緒並不高，原因在於，(1) 跌停家數並不多，僅 14 家，甚至還有近 10 檔個股漲停，(2) 台股最貴的「千金族群」設計 IP 股當起護國群山，M31(6643-TW) 一度亮燈漲停，股后世芯 - KY(3661-TW) 也漲半根停板，顯示多頭買盤仍有意逢低進場。


不過，須留意的是，市場預期原物料價格因中東局勢緊繃恐大漲，通膨壓力再度轉強，美國聯準會恐因此延後首次降息時點，整體資金動能的變化勢必對台股各族群有影響，尤其對第一季漲多股較不利，可先觀察在外資撤離之際，內資是否承接穩盤。


元大投顧看好，政策加持的延續性包括國防軍工、重電電力、循環資源類股，依舊是 520 前市場熱點，惟目前近 40% 個股位於月線下方，代表資金調整益加劇烈。


富邦投顧也提醒，新台幣趨貶、外資減碼，外部利空和籌碼面均不利多方表現，指數震盪風險增，作多方向可留意 AI 伺服器和軍工、電網股等。",2024-04-16 12:21:13,23321,爆量殺盤超過 500 點 二個理由其實大盤弱中透強？,"['M31', '世芯-KY']",011ed4e2-205f-494a-b50d-7f551001b774
〈新內閣人事〉郭智輝出任經長 掌握全球供應鏈重組商機 新東向策略受矚,"['崇越', '郭智輝', '經濟部', '部長', '台灣', '能源', '綠能']","崇越 (5434-TW) 集團董事長郭智輝即將出任經濟部部長一職，成為少數商界轉政界核心人物，外界看好，郭智輝在半導體業界深耕數十年，也熟悉光電綠能與生技產業，更組織台灣新東向聯盟並擔任理事長，未來他上任後，可望運用過往經驗，帶領成員與台灣企業掌握全球供應鏈重組的商機。


新東向聯盟在 2022 年底成立，第一屆理事長為郭智輝，聯盟成立宗旨即是希望依各產業建立台灣供應鏈，組成台灣艦隊布局海外，聯盟成員也都大有來頭，包括帆宣 (6196-TW) 董事長高新明、花旗銀行獨立董事陳春山、安侯建業聯合會計師事務所執行長吳麟等，三位都是聯盟副理事長。


另外，聯盟成員除了金融、科技外，也具備法律、能源、AI 等產業人才，同時也有新創公司加入，期望滿足各產業所需，同時也串聯企業、台灣學界與歐美學界，要培養台灣新東向的人才。


外界看好，由於美中關係緊張、地緣政治情勢複雜化等，牽動全球供應鏈版圖變動，台灣廠商現階段也積極前往海外擴產，面臨眾多挑戰與機會，郭智輝過去在供應鏈深耕數十年，可運用過去組織供應鏈的經驗，將台灣科園園區的概念延伸至其他國家，推動國土延伸，強化國家競爭力。


郭智輝為臺北大學企業管理碩士與博士，也回饋母校任教於臺北大學客座講座教授，曾榮獲多個獎項，包括第 9 屆國家卓越成就獎、第 19 屆國家十大傑出經理人總經理獎與 2017 年安永企業家獎年度大獎。


崇越股價今日在消息公布後，買盤湧現、拉升股價一度飆漲 7%，最高達 265.5 元，創下近 24 年來新高，成交量更爆出 8800 多張，為近期新高。",2024-04-16 12:51:56,23320,崇越 (5434-TW) 集團董事長郭智輝即將出任經濟部部長一職，成為少數商界轉政界核心人物，外界看好，郭智輝在半導體業界深耕數十年，也熟悉光電綠能與生技產業，更組織台灣新東向聯盟並擔任理事長，未來他上任後，可望運用過往經驗,"['崇越', '帆宣']",df5510d0-fcb3-4013-8c6c-840dd1b19d99
〈台股盤後〉摜破2萬點後恐慌如餘震不斷 跌547點收19901點,"['台積電', '大立光', 'AI', '矽智財', 'IC設計', '重電']","台股今 (16) 日早盤在因伊、以的中東地緣政治衝突下恐慌情緒下，台灣金融市場面臨股市及匯市雙殺局面，股市大盤跳空下跌開出後，盤中加權股價指數一度狂瀉逾 605.23 點，創台股史上第七大跌點，並摜破 2 萬點大關，終場指數收在 19901.96 點，下跌 547.81 點，成交值 5349.09 億元。


同時，新台幣兌美元匯價中午暫收 32.531 元，貶值 1.53 角，創 8 年新低，成交金額爲 12.1 億美元。同時，台股金融類股指數今天的表現也不振，盤中也下殺超過 2.3%。


市場專家指出，台股大盤在高檔的急跌，連兩天盤中大跌超過 800 點，預估大盤指數在 3 月 15 日盤中低點的 19682.5 點尋求支撐。而今天盤中的矽智財個股創意 (3443-TW) 、世芯 - KY(3661-TW)、M31(6643-TW) 及部分 IC 設計股已呈現反彈，也成為在台股先進入整理、先反彈的強勢指標族群。


同時，廣達 (2382-TW)、英業達 (2356-TW)、仁寶 (2324-TW) 及緯創 (3231-TW) 等 AI 概念股尾盤也見買盤介入，後續走勢值得觀察。


但資深分析師簡伯儀指出，今天的大盤表現弱勢並已跌破月均線，在中東地緣政治衝突未解之前，操作上也仍應保守。


台股集中市場大盤今日早盤開盤跳空下跌，開在 20365.11 點，也盤中的最高  點位，最低 19844.54 點， 終場指數收在 19901.96 點，下跌 547.81 點，成交值 5349.09 億元。


台股今天仍有部分重電、軍工、矽智財、IC 設計及黃金概念股如佳龍 (9955-TW) 及和成 (1810-TW) 盤中漲停表態；但台積電 (2330-TW) 盤中重挫 21 元或 2.61%，加深台股指數摜殺的壓力，其他如聯發科 (2454-TW)、鴻海 (2317-TW)、大立光 (3008-TW) 及中華電 (2412-TW) 的下跌，也讓大盤指數下殺並造成一波又一波的市場賣壓湧出 。其中，大立光股價並跌破年線創 5 個月來新低。


台積電今天以 788 元作收，較昨日下跌 18 元或 2.23%，成交量 4.94 萬張。


台積電將在 4 月 18 日召開法人說明會，目前市場也盼在台積電在美國、日本等地的大幅度擴廠消息之外，管理層同時有好消息的的釋出，提振目前低迷的市場氣氛。


台股的由 2 萬點以上的高檔恐慌性下殺，證券分析師黃漢成說，2024 年首季台股在登上 2 萬點後，第二季的操作難度頗高，近兩日的台股出現重挫，雖然可能在重跌之後會有反彈，但投資人應相對衡量本身對市場風險的承受能力再介入。同時，即使台股將還有震盪走堅的表現機會，但估計上檔空間已經不大。


今天盤中以航太、軍工類股有轉弱跡象，雷虎 (8033-TW) 盤中下跌超過 7% 但尾盤急拉，跌幅縮小，而波力 - KY(8467-TW)、中光電 (5371-TW) 殺到跌停，亞航 (2630-TW) 也呈現開高震盪走低的格局；同時，在全球汽車市場銷售目前處於溫吞格局之下，並傳出電動車廠特斯拉全球將裁員 10% 情況之下，汽車板廠敬鵬 (2355-TW)、健鼎 (3044-TW)、燿華 (2367-TW) 及定穎 (3715-TW) 在盤中股價都呈現弱勢。",2024-04-16 13:59:39,23319,台灣金融市場面臨股市及匯市雙殺局面，股市大盤跳空下跌開出後，盤中加權股價指數一度狂瀉逾 605.23 點，創台股史上第七大跌點，並摜破 2 萬點大關，終場指數收在 19901.96 點，下跌 547.81 點，成交值 5349.09 億元。,"['定穎投控', '聯發科', 'M31', '廣達', '英業達', '仁寶', '緯創', '佳龍', '和成', '台積電', '鴻海', '創意', '大立光', '中華電', '雷虎', '波力-KY', '中光電', '亞航', '敬鵬', '健鼎', '燿華', '世芯-KY']",80333362-809d-4d9d-811c-b11364616dd9
《價值型投資 最新產業研究報告》森崴能源潔淨能源 離岸風電大商機,"['蔡慶龍', '價值型投資', '森崴能源', '主流績優股', '趨勢分析', '摩爾投顧']","昨晚台電有四部發電機跳電，供電吃緊備轉容量率不到 3%，台電緊集協調台積電 (2330-TW) 的所有柴油發電機緊急上線供電，情況才得以穩住。由於昨天天氣炎熱，傍晚後是另一個用電高峰，稍有不慎，又將重演 2022 年的 303 大停電慘狀。且時序將由春轉夏，如何在不影響晶圓製程等等高科技企業，以及滿足民間正常用電，一直以來都是替代能源轉換相關產業不斷面臨的考驗，重要性及市場關注度，自然不言可喻，會不會有資金動能浥注相關產業? 答案是肯定的。


森崴能源 (6806-TW) 提供再生能源電廠建置、維護營運、將執行「光風水氣大平台」策略，在 2025 年台灣能源轉型願景，潔淨能源 50%、再生能源設置目標可以達到 27GW 以上，要能達到這個程度，針對風力發電著墨，自然也不能少。而森崴能源 (6806-TW) 為了完善離岸風電團隊，降低建廠風險，旗下寶崴海事工程公司，打造百億元級別的巨人號重吊船，還有水下升降安裝船，能在 60 米水深內施工，也是第一家有自己船隊跟海工團隊的風電大廠，未來在台灣風電領域，可望達到舉足輕重的地位，今天股價表現也比大盤強，表現可圈可點。


能源問題，一直都是全世界積極發展的產業之一，而且大家都有一個共識，就是保護我們的地球，因此潔淨替代能源就是一個商機無限的領域。同時也跟接下來台灣執政黨的政策不謀而合，距離 520 剩下一個月，接下來相關個股都會有所表現。有沒有辦法提前卡位，就看你有沒有跟對分析師。想第一時間知道哪些股票可以逢低進場，請先加入慶龍老師官方 LINE，輸入 @ai8085 或點擊文章下方連結，盤中 & 盤後會有二通免費 CALL 訊，帶你掌握現在看見未來。


每天二則免費 CALL 訊

加入價值型投資 LINE 官方帳號: 
https://lin.ee/3rueKmz


文章來源: 蔡慶龍分析師 - 摩爾投顧


本公司所推薦分析之個別有價證券 無不當之財務利益關係 以往之績效不保證未來獲利 投資人應獨立判斷 審慎評估並自負投資風險",2024-04-16 14:07:13,23318,無摘要,"['台積電', '森崴能源', '森崴能源']",cbbec50f-7bee-4cd4-bbee-17aac05e5ed7
〈0403強震〉臺鹽賑災捐款100萬元 助花蓮復原重建,"['花蓮', '臺鹽', '地震']","4 月 3 日發生花蓮強震至今仍有失聯民眾亟待搜救，以及多處景點和建築坍方待修復，臺鹽 (1737-TW) 公司宣布捐款 100 萬元予衛福部轄下財團法人賑災基金會，幫助當地災害援助、緊急醫療、收容安置、復原重建等四大救災項目，傳遞正向力量安定民心，為花蓮加油。


臺鹽代理董事長劉雅娟表示，花蓮地震重創當地經濟和生活，臺鹽透過實際行動捐款賑災，並攜全體同仁向前線救災救護人員致敬，一同守護花蓮恢復平安、重建希望。",2024-04-16 14:09:31,23317,花蓮強震至今仍有失聯民眾亟待搜救，以及多處景點和建築坍方待修復，臺鹽公司宣佈捐款 100 萬元予衛福部轄下財團法人賑災基金會，幫助當地災害援助、緊急醫療、收容安置、復原重建等四大救災項目，傳遞正向力量安定民心。,['臺鹽'],591559b0-0c1c-4422-8726-7eda4e3bd0e5
策略性退休：影響你晚年生活的關鍵要素,"['趨勢分析', '永誠資產管理處', '投資理財', '生活理財', '退休', '投資', '配置', '通膨']","退休是生活中一個重要的階段，對許多人來說，退休不僅意味著停止工作，更是一個重新規劃生活、享受餘年的時刻。在規劃退休生活時，財務方面是至關重要的考慮因素，人們希望退休後能過得好，這就需要合理地管理退休金、儲蓄和投資，但有一些花費可能是我們忽略的風險。


 


基本開銷先列出


首先，我們需要計劃生活必需品的花費，例如食物、住房和基本醫療保健，此外還應該考慮到日常生活中的其他支出，如水電費、交通費用和雜費，除了基本生活開支，我們還應該為娛樂和休閒活動預留資金，退休後我們可能有更多的時間去旅行、參加興趣班或者享受文化活動，這些活動不僅可以豐富我們的生活，還可以保持身心健康，除此之外列出以下會出現的隱形的缺口。


三大退休隱形財務缺口


退休後，人們可能會忽略一些財務風險，這可能對他們的退休生活造成不利影響，以下是五個退休後可能忽略的重要風險：


◆ 被慫恿花錢，反而被花掉


在退休後，許多人可能面臨著來自身邊親友或社會環境的壓力，慫恿他們花錢，這種壓力可能來自於身邊的朋友圈、家人、或者媒體的影響，他們可能會誇大退休生活的奢華，或者鼓勵退休人士盡情享受生活，不要太拘泥於金錢，若沒有做好適當的財務規劃時，可能會反而被花掉，陷入財務困境，過度花費可能會導致退休金提前耗盡，使得退休人士無法應對後期的生活支出，而一旦退休金被耗盡，重新獲得穩定收入可能會變得極為困難，這將對退休生活產生長期的影響。


◆少子化，自己的安養費恐不夠


少子化是當代許多國家面臨的一個嚴重問題，它對社會和經濟帶來了許多挑戰，其中之一就是對老年人安養的影響，也代表著自己的子女不一定能夠支付自己的老年花費，越來越多的老年人可能會發現自己在安養方面面臨著不足的財務挑戰。其次，少子化也對社會福利和醫療保健系統產生了壓力。隨著老年人口的增加，社會福利體系和醫療保健系統將面臨更大的負擔，這可能導致資源分配不足，使得一些老年人無法獲得足夠的支持和照顧，有表自己需要更多地依靠自己的財務儲備來應對未來的安養需求。


◆低估通膨的風險


低估通膨風險對退休金的影響可能是致命的，通膨是貨幣價值下降的結果Ｍ即同樣的金額在未來的價值會變得更少，退休金的價值不僅受到當前支出的影響，還受到未來生活成本上升的影響。在退休後，人們的支出看似保持不變，實際上同樣的支出在未來可能會變得更昂貴。例如，食品、醫療保健和居住成本等基本生活支出都可能隨著通膨而增加，使得退休人士需要更多的錢來應對生活開支。當退休金可能無法跟上通膨的步伐，進而耗盡得更快，這可能會迫使自己在退休後重新尋找其他收入來源，或者面臨財務困境，影響退休生活的質量。


千萬別因風險而影響投資策略


一些退休人士可能會選擇過度保守的投資，大部分資金投入低風險、低回報的投資，如債券或定期存款，以降低風險，但這樣可能會導致他們的退休金無法與通膨保持同步增長，無法跟上通膨的步伐，從而無法應對生活成本的上升，因此在制定投資策略時，需要考慮到通膨的影響，以確保投資組合能夠保值增值，維持購買力。


當然，適度的投資風險並不意味著投入所有資金進行高風險投資。而是建立一個多元化的投資組合，包括不同類型和風險水平的資產，以平衡風險和回報。這樣的投資組合可以在一定程度上保護資金免受市場波動的影響，同時實現長期的資本增值。


（文章來源：永誠資產管理處）


填寫永誠資產管理處表單


【索取試算表】進擊台股 ETF 快速解讀熱門 ETF 持股


https://www.surveycake.com/s/KneRD


60 
秒測試你的理財天賦有幾分？


https://quiz.big-econ.com/index.php?&QID=6


「永誠資產管理處」是全台合法擁有金管字號的證券投資顧問公司中「唯一首創資產管理的部門」，20 年深耕專營台灣各大科技園區，以認真、誠信思維提供客戶服務，讓努力累積財富的你，也可貼身感受理財管家的 VIP 價值。


沒有代理金融商品，不以商品銷售出發，減少你的財務漏洞！從資產配置出發，透過「專案客製化」、「服務精緻化」、「獲利系統化」，你不需犧牲時間體力，就能感受到資產提升！


「卓越投資研究團隊」加「頂尖財務顧問團隊」共同與客戶締造里程碑


▪立即加入 
https://line.me/R/ti/p/%40asset88598




▪進一步了解資產管理處 
https://www.ycam.com.tw/


▪閱讀更多精彩文章 
https://www.facebook.com/yongchengasset


▪觀看更多精彩影片


https://m.youtube.com/channel/UCXhFwgxQL_LBuhK43YEqWmQ


▪閱讀更多精彩文章 
https://www.facebook.com/yongchengasset


本公司所分析個別有價證券僅供參考，投資人應獨立判斷，審慎評估並自負投資風險。",2024-04-16 14:47:50,23316,無摘要,[],41db1726-0c3c-4ae0-81a4-510b2d14f5d3
投資人注意！期元大S&P原油反1明起暫停融資券、當沖,"['ETF', '原油', '證交所', '期元大S&P原油反1']","期元大 S&P 原油反 1 ETF(00673R-TW) 自明 (17) 日起暫停融資融券交易、停止有價證券借貸及當日沖銷交易，不過，了結融資融券交易不在此限。


證交所表示，由元大投信經理之「元大標普油金傘型期貨信託基金之元大標普高盛原油 ER 單日反向 1 倍指數股票型期貨信託基金」受益憑證，簡稱期元大 S&P 原油反 1，自 4 月 17 日起暫停融資融券交易、停止有價證券借貸及當日沖銷交易。


證交所表示，由於該基金最近十個營業日之基金平均單位淨資產價值較其最初單位淨資產價值累積跌幅達 65%，核有證交所受益憑證買賣辦法第 23 條第 1 項所定情事，因此自 4 月 17 日起，其受益憑證暫停融資融券交易、停止有價證券借貸及當日沖銷交易，但了結融資融券交易，不在此限。",2024-04-16 14:52:59,23315,期元大 S&amp;P 原油反 1 ETF(00673R-TW) 自明 (17) 日起暫停融資融券交易、停止有價證券借貸及當日沖銷交易,['期元大S&P原油反1'],07f9976f-b093-4e21-86ca-8b0892970449
台股懸崖式跳水外資狠砍388.25億 三大法人賣超572.98億,"['三大法人買賣超', '外資', '自營商', '投信', '籌碼']","台股今 (15) 日早盤在因伊、以的中東地緣政治衝突下恐慌情緒下，台灣金融市場面臨股市及匯市雙殺局面，股市大盤跳空下跌開出後，盤中加權股價指數一度狂瀉逾 605.23 點，創台股史上第七大跌點，並摜破 2 萬點大關，終場指數收在 19901.96 點，下跌 547.81 點，成交值 5349.09 億元；三大法人合計賣超 572.98 億元。


觀察三大法人今天籌碼動向，外資賣超 388.25 億元；自營商賣超 200.78 億元；投信買超 16.04 億元；三大法人合計賣超 572.98 億元。",2024-04-16 14:58:51,23314,無摘要,[],dc3682f9-5131-4eb6-ab03-ed881858eada
中國市場逐步回溫 艾美特看好Q2接單成長,"['艾美特', '家電', '循環扇']","家電品牌艾美特 - KY(1626-TW) 今 (16) 日指出，隨著中國經濟逐步回溫，且從剛結束的上海家電展中，觀察到看展人潮相當熱絡，客人下單情形也不錯，看好第二季的接單狀況，有機會較去年同期成長。 


艾美特主力市場在中國，在中國電扇銷售市占排名第二。以各地區的營收占比來看，中國市場營收占比約 55%，且為自有品牌，45% 則為貼牌代工，其中日韓約占 30%，歐美則占 15%。 


循環扇為艾美特在中國市場中的主力產品，推出時非常受歡迎，但也遭中國其他廠商抄襲，並出現低價競爭。不過艾美特強調，由於艾美特擁有自己的研發團隊與部門，因此在創新上更有優勢。 


艾美特也提到，由於近年中國的網路市場非常熱絡，因此艾美特也有加入網路市場。不過網路市場過於競爭，因此在網路市場中販賣的商品多為低毛利產品，高附加價值的產品，如：循環扇、智能風扇等，還是以實體通路販售為主。 


此外，艾美特也積極拓展新客戶，這一兩年新開發東南亞新客戶，包括馬來西亞與越南市場，不過主要以代工為主。艾美特也積極開發新產品，主要以個人化小家電為主，中國市場方面，開發攜帶式小冰箱、智能小冰箱，以及露營用小型冷氣。日韓市場部分，則是代工小型窗型冷氣。 


艾美特在深圳土地開發案方面，去年 2 月已與當地專業租賃公司簽約，包括商用大樓、住宅等陸續出租。不過礙於中國房地產市況不佳，連帶影響租市市場，因此租金發酵遞延，預期下半年才會有顯著貢獻。",2024-04-16 15:44:09,23313,家電品牌艾美特 - KY(1626-TW) 今 (16) 日指出，隨著中國經濟逐步回溫，且從剛結束的上海家電展中，觀察到看展人潮相當熱絡，客人下單情形也不錯，看好第二季的接單狀況，有機會較去年同期成長。 ,['艾美特-KY'],96cc4f11-dc1c-450e-a6b7-644258c2fab8
指數止跌要靠矽智財？神盾集團抵抗以伊衝突,"['趨勢分析', '永誠投顧', '徐照興', '新台股龍捲風']","今日台股大跌，OTC 櫃買指數回測季線，根據龍捲風操盤數：日 KD 死亡交叉，加權指數就是要跌，目前日 KD 已跌到 50 軸，且開口並未收斂，指數離月線還有一段距離，接下來行情可能還會修正，下半週看台積電法說以及 ASML 財報，都將牽動半導體產業的未來發展，先前藉由台積電 ADR 因漲電價使股價下跌，抓到重電四雄的亞力 (1514-TW)，再從亞力落後補漲找到電線電纜的合機(1618-TW)，合機為全台三家可做 345kv 超特高壓電力電纜的廠商之一，今(4/16) 日又傳出昨 (4/15) 日傍晚台電密集跳機，北台灣差一點大停電的消息，在今日大跌盤勢中還上漲 2%，目前台幣持續走弱，新 ETF 不間斷募集新資金，代表資金潮還在市場中。


美股怎麼了？台股該怎麼辦？ VIX+11.09%，道瓊、那斯達克與費半指數日 KD 死亡交叉，通膨上升並沒有阻止消費者，美國 3 月零售額成長 0.7% (預估 0.3%)，聯準會官員在通膨壓力持續的情況下對降息表示謹慎，投資人被迫降低對今年政策寬鬆的預期，在最新的 FedWatch 顯示，今年僅降息兩碼，中東衝突持續，以色列戰時內閣決定強力回敬伊朗，但不會引發區域戰爭，觀察黃金價格與油價並沒有大漲，必須持續關注地緣政治帶給國際股市的影響，台股高檔震盪，但好壞個股差很多，所有文章都可搜尋「徐照興鉅亨網」新聞，想知道如何操作，一定要連續每日收看 
https://youtu.be/ZLgBQeolt3E
 


進入第二季，市場常言 Q2 為淡季，但根據近五年的統計，美股、日股、台股第二季指數平均漲幅可達 5% 以上，現階段資金鎖定 3 大主軸：


【AI 概念股】輝達發布「地表最強 AI 晶片」Blackwell GB200，相關供應鏈成市場新寵。


GB200 的大贏家鴻海 (2317-TW) 可以根據黃金切割率找支撐，直接公布在 Line@，據了解，永誠投顧徐照興分析師早在 3 月 4 日於公開媒體【57 東森財經台】提及，相關連結：
https://youtu.be/NpY3TeSJiWE?si=TLeyJAP1XZ8FhCNP
 ，印證了龍捲風操盤語錄：任何股票都會漲，只待它背後故事寫好。


【台積電大聯盟】台積電法說，市場關注獲利表現以及資本支出是否上調，AI 逐漸形成國家戰略物資，IP 成為兵家必爭之地。


CoWoS 設備的辛耘 (3583-TW)：3 月營收達 7.62 億元、月增 2.03%、年增 29.51%，2024Q1 累計季營 22.45 億元、年增 38.64%，單月、單季營收同步改寫歷史新高；以設備廠營收的先行指標「合約負債 (含預收工程款、預收備料款)」來看，辛耘 2023Q4 合約負債達 118.19 億元，穩居高檔，預估今年自製設備業績可挑戰倍增，台積電持續追單，CoWoS 交機潮有機會延續到 2025 年。


鑽石碟的中砂 (1560-TW)：2024Q1 累計營收為 15.95 億元、年增 2.1％，改寫歷史同期次高，中砂目前已經順利切入台積電 3 奈米及成熟製程，以及美光供應鏈，受惠於這波 AI 趨勢，中砂鑽石碟出貨動能正不斷攀升，預期今年鑽石碟營收年成長幅度可望達到 15％，受惠於 IDM 大廠訂單加持，再生晶圓及測試晶圓產能已經全面滿載，且可望一路滿載到今年底，不僅如此，業界傳出中砂今年將有望切入英特爾供應鏈當中，讓中砂後續業績成長具備強勁成長力道。


神盾集團的安國 (8054-TW) 與神盾 (6462-TW) 今日分別上漲 6.1% 和 4.11%，完全不畏懼大盤下殺超過 500 點影響，神盾集團旗下的乾瞻科技為台灣首家 Die-to-Die (D2D) PHY IP 供應商，成功導入全球領先人工智慧晶片公司的伺服器產品線中，於台積電 CoWoS 的 5 奈米先進封裝產品量產，並且持續攜手往下一代產品於台積電 CoWoS 的 3 奈米完成矽驗證；預估乾瞻今年營收將成長 4~5 成，且獲利成長幅度會更勝營收，換言之，母公司神盾也可望母以子貴，而集團中的 ASIC IP 公司安國 (8054-TW) 也可望受惠，【神盾集團比較表】放在徐老師 Line@ 
https://line.me/R/ti/p/%40laz1344x


大行情，勿小做！


操作不用變來變去，也不用忽多忽空，隨意轉換標的，文章不會每天貼出，但若您也喜歡【由外而內】，【由上而下】有系統的文章分析，歡迎大家轉貼本文，並加入《徐照興新台股龍捲風》


盤中即時解盤不馬後炮 TG： 
https://t.me/imoney168


所有文章分類可來 FB 社團： 
https://www.facebook.com/groups/istock168


整體操作及個股問題可加 LINE： 
https://line.me/R/ti/p/%40laz1344x


文章來源：永誠投顧徐照興分析師




本公司所推薦分析之個別有價證券 無不當之財務利益關係 以往之績效不保證未來獲利 投資人應獨立判斷 審慎評估並自負投資風險",2024-04-16 16:17:55,23312,無摘要,"['亞力', '安國', '中砂', '辛耘', '鴻海', '合機', '神盾']",44001fe3-4fcd-4594-9990-3c9a0d40dd13
仁寶啟動接班計畫 董事候選人名單出爐 許勝雄未入列,"['仁寶', '許勝雄', '接班', '許介立']","代工大廠仁寶 (2324-TW) 將在今年股東會進行董事改選，今 (16) 日指出「正式啟動交班計畫」，並宣布最新董事候選人名單，包括 10 席董事以及 5 席獨立董事。值得注意的是，現任董事長許勝雄並未入列，新任董事長將於 5 月 31 日股東會董事改選後選任。 


仁寶今天提名 15 位董事候選人，10 席董事中包括陳瑞聰、許勝傑、許介立、翁宗斌、許炯奇、Anthony Peter Bonadero、彭聖華、金寶電子 (代表人：陳威昌)、台灣創業投資股份有限公司 (代表人：柯長崎)、斌寶投資股份有限公司 (代表人：許吳椿)。5 席獨立董事則有蔡篤恭、沈文忠、張立秋、洪水樹以及黃姿婷。 


仁寶提到，為了追求完善的公司治理並促進董事會職能，此次增加 5 席獨立董事，獨立董事原先占董事會席次 1/5，增加 5 席後提升至 1/3，同時新增一席女性董事。 


值得注意的是，仁寶指出，將正式啟動交班計畫，因此在仁寶提名的董事候選人名單中，現任董事長許勝雄並未入列。新任董事長預計在 5 月 31 日股東常會董事改選後選任。 


此外，仁寶表示，今天董事會也通過推派現任董事長許勝雄為金仁寶提團總裁。未來許勝雄將繼續指導金仁寶集團的長期事業發展方向與策略，為集團的資源整合與發展做出重要的貢獻。",2024-04-16 16:49:29,23311,仁寶將在今年股東會進行董事改選，今日指出正式啟動交班計畫，宣布最新董事候選人名單，包括 10 席董事以及 5 席獨立董事。值得注意的是，現任董事長許勝雄並未入列，新任董事長將於 5 月 31 日股東會董事改選後選任。,['仁寶'],ee7e8889-46ee-4ef2-988e-d04b1366869e
〈台幣〉強美元橫掃亞幣 楊金龍防線浮現？爆量重貶1.12角守住32.5元,"['台幣', '美元', '匯率', '央行', '通膨', '中東']","新台幣今 (16) 日重挫貶破 32.5 元，最低來到 32.565 元，貶值達 1.87 角，創 2016 年 6 月下旬以來新低點，終場收在 32.49 元，貶值 1.12 角，台北外匯經紀公司成交爆出 17.45 億美元的天量，法人分析，收盤前半小時新台幣收復 32.5 元價位，是否為中央銀行積極守住的「楊金龍防線」，有待後續觀察。


新台幣全日高低價差達 1.75 角，最低挫至 32.565 元，終場收在 32.49 元，貶值 1.12 角，貶幅 0.35%。


美元指數今天攀升至 106.44，創 5 個月以來新高，亞洲貨幣全面承受壓力，日圓跌破 154 、韓元跌破 1400、印度盧比一度來到 83.535 創歷史新低，印尼盾創 4 年新低，越南盾也來到 25295，創歷史新低。


不過，主要亞幣午盤過後略有收斂貶幅，韓元貶值近 0.5%，日圓貶近 0.2%，星元貶逾 0.1%，人民幣和港幣處平盤附近，泰銖則是升值約 0.2%。


法人分析，美國物價數據超乎預期，令美債殖利率和美元跳升，再加上中東緊張局勢使資金轉向美元避險，新台幣近期仍有持續探低的可能，而央行的態度將是新台幣是否會向下探 33 元的關鍵因素之一。",2024-04-16 17:03:41,23310,〈台幣〉楊金龍防線浮現？爆量重貶 1.12 角仍守住 32.5 元,[],3a2ca73a-4af0-4686-91f3-d035c6ec0ada
台股2天跌835點別慌 歷史經驗： 4、5月進場季報酬率最高達8.8%,"['台股', '野村', 'ETF']","中東地區局勢緊張，衝擊市場信心，台股本週兩個交易日跌了 835 點，野村投信認為，台積電法說會 (4/18) 與美國財報台股為近期兩觀察重點，台股後市觀察大盤若回到 10 日均線 20485 點，則可望突破重圍，維持多頭格局。若投資台股 ETF，往年 4 月或 5 月進場投資，分別可獲得約 6.66% 與 5.76% 的正報酬，持有 3 個月的平均表現則可望來到 8.8%。


今 (16) 日台股開盤 20,365 點，開盤即為最高點，最低下跌至 19,844 點，最終收在 19,901 點，日 K 線拉出長黑，加權指數正式跌破自 3 月 21 日攻上的兩萬點大關。


從產業別來看，電子股、金融股及傳統產業股皆下跌。其中，電子股指數下跌 2.85%，金融股指數下跌 1.72%，傳產指數下跌 1.23%。


回顧今年以來，台股表現可圈可點，不但屢創新高甚至一度直逼二萬一千點，然近期美國非農與通膨 (CPI) 數據過熱均影響市場對聯準會降息預期，使得盤勢波動加大，但也讓不少投資人磨刀霍霍準備拉回進場或加碼，但這兩天的台股大盤狂瀉 835 點，投資人不禁猶豫，究竟何時是可留意的時間點？


外資法人表示，近期台積電股價表現不俗，支撐大盤，使得台灣加權指數位階高於美股，近期兩大重點觀察，台積電法說會 (4/18) 與美國財報，4 月下半場震盪加劇機率高，加上中東戰事風險又起，後市觀察加權指數快速站回 10 日均線 (約 20485 點)，多頭格局可望延續。


另一方面，高股息 ETF 正夯，對於喜歡短打型投資人抑或是長期投資者而言，何時會是較佳的進場或加碼點？


野村投信投資策略部副總經理但漢遠表示，根據統計，2015 年底以來觀察 1 至 12 月的月底進場投資台股並持有 3 個月表現，以加權指數為例，平均報酬大約落在 -1.85% 至 + 7.81%，然而若是在 4、5 與 10 月進場投資一季期間平均報酬率皆可望達 6% 以上，表現最為亮眼。進一步觀察，4 至 5 月恰逢台股公司的股東會密集期，宣布較佳股利配發政策的公司往往獲得資金簇擁，故此時高股息類型表現也不錯。


若以臺灣高股息指數為例，4 月或 5 月進場投資一季，分別可獲得約 6.66% 與 5.76% 的正報酬表現；然而，若更進一步聚焦強勢高息股題材，亦即符合高股息條件同時股價具備正向趨勢動能 ，以臺灣趨勢動能高股息指數為例，4 或 5 月進場並持有 3 個月的平均表現則可望來到 8.8% 左右，成果更勝大盤及高股息指數。


但漢遠指出，除權息行情是每年台股的大事之一，統計上 4 至 5 月進場台股並持有一季，有好表現的機會偏高。在台股方面，資金流向追求收益水準高的標的，即使短期台股盤勢受到歐美股市震盪影響，對於短打型抑或屬於長期投資再加碼的投資人，均可把握 4-5 月的高勝率，分批進場佈局，特別是應該聚焦高股息題材、同時股價具備正向趨勢動能之標的，可透過「動能指標」與「股利指標」雙重篩選出高股息 ETF，有助掌握台股息利雙收的投資好機會。


00944「野村臺灣趨勢動能高股息 ETF」基金經理人林怡君表示，結合動能、股利兩大指標，以兼顧股息收益與股價成長為主軸，持股與市場熱賣高股息 ETF 之持股重複度低，在 50 檔持股中，與同業高股息 ETF 重複數介於 15~21 檔以內，重疊性低於 50%，也讓資金活水助攻效果相對地顯著。


根據 Bloomberg 回測資料顯示，00944 自 2015 年 11 月 17 日至 2024 年 2 月 29 日累積總報酬達 416.5%，年化報酬達 21.9%，遠勝過主要指數同期間年化水準，且在空頭年也更具有對抗下檔風險的效果，領漲抗跌優勢將吸引短多關注。",2024-04-16 17:22:18,23309,台股本週兩個交易日跌了 835 點，野村投信認為，台積電法說會 (4/18) 與美國財報台股為近期兩觀察重點，,[],2d4b183d-c5d6-48a0-9d9e-3826e9854e36
〈房產〉華泰名品城Outlet搶進高鐵嘉義站 奪站前9.9公頃地上權案並簽約,"['嘉義', '台積電', '華泰']","交通部鐵道局辦理「高速鐵路嘉義車站特定區產業專用區開發經營案」，華泰名品城旗下子公司格珞麗亞企業取得最優申請人資格，並與交通部鐵道局、內政部、嘉義縣政府完成簽約，格珞麗亞預計投入 48 億元，規劃地上 2-3 層的大型折扣購物中心（Outlet）及一棟停車場，將引進 200 間以上店鋪，首期設施將於 2028 年進入營運。


此一招商案位於高速鐵路嘉義車站特定區，距離高鐵站不到 200 公尺，土地面積近 3 萬坪，容積率 240%，最優申請人格珞麗亞企業預計投入 48 億元，將引進 200 間以上店鋪，包含國際名品、時裝品牌、家居用品等，另有大型室內美食廣場、主題餐廳、輕食及咖啡廳，並規劃有親子遊樂區、公益文化空間等多功能區域。全案規劃分為三期開發，第一期預計於 2028 年營運，全案預計於 2032 年完工營運。


招商顧問第一太平戴維斯董事長黃瑞楠表示，此一招商案為南台灣指標的大型商業服務設施，營運後將引導中南部消費人潮前往嘉義，提升高鐵嘉義站周邊之商業能見度。


此外，日前行政院宣布台積電 (2330-TW) 先進封裝廠將進駐嘉義科學園區，此一重大投資除將創造地方就業機會外，更引導台積電上下游產業鏈業者布局，將南台灣半導體 S 廊帶產業鏈範圍向北擴張，帶動嘉義由農業大縣轉型為農工大縣。


同時，占地超過 300 公頃的嘉義縣擴大縣治第一、第二開發區市地重劃案，預計於 119 年竣工，將串聯高鐵特定區及嘉義縣政府所在的縣治特區、長庚醫療特區與故宮南院，為當地引進充沛的住宅空間及商業機能。


接下來，鐵道局在南台灣還有兩大指標案將陸續推出，其中一案為嘉義高鐵站前的事業發展用地地上權案，該案位於嘉義站前第一排，土地面積約 1.6 萬坪，允建容積約 2.6 萬坪，可規劃辦公、零售百貨、旅館及會展中心等使用，將於評估後推出公告招商。


此外，鐵道局也規劃於 2024 年第三季推出高鐵台南站產業專用區地上權案，土地面積約 2.99 萬坪，容積率 300%，可規劃做為研發中心、科技廠辦、倉儲物流、旅館以及百貨商場等複合型使用，距離市中心、南部科學園區、北高雄產業聚落均約 30 分鐘車程樞紐，將會是投資人立足半導體 S 廊帶核心區門戶之絕佳機會。",2024-04-16 17:25:48,23308,「高速鐵路嘉義車站特定區產業專用區開發經營案」，華泰名品城旗下子公司格珞麗亞企業取得最優申請人資格，並與交通部鐵道局、內政部、嘉義縣政府完成簽約，格珞麗亞預計投入 48 億元，規劃地上 2-3 層的大型折扣購物中心。,['台積電'],87d4ccfd-fa03-4b87-892b-5612ab1f4f37
〈0403強震〉台灣大減免花蓮受災戶3個月寬頻月租 可依比例減免電信費,"['0403強震', '台灣大', '電信費', '寬頻月租']","花蓮本月 3 日發生芮氏規模 7.2 地震，台灣大 (3045-TW) 今 (16) 日宣布，針對地震導致服務中斷的花蓮行動用戶，可按受影響天數依比例減免月租費；全台縣市政府判定災後建築物為紅單的「好速專案」與「台灣大寬頻」用戶，則提供 3 個月寬頻月租費全額減免方案。 


台灣大啟動 6 大關懷專案，第一，因地震導致服務中斷的花蓮行動用戶，依服務契約，按受影響天數，依比例減免月租費；判定災後建築物為紅單的「好速專案」與「台灣大寬頻」用戶，則主動提供 3 個月寬頻月租費全額減免。 


第二，針對受花蓮地震影響，有遠距辦公、遠距上課需求的學校、非營利組織或政府單位，提供免費申辦 M+ Messenger 即時通訊軟體與 M+ Meet 視訊會議服務。第三，設籍花蓮以及帳單地址在花蓮的用戶，暫緩帳單催收及延繳作業。 


第四，花蓮舊站、花蓮林森、吉安中華等門市，免費提供換補卡服務。第五，為確保用戶通訊順暢，有換機需求的用戶，前往指定門市，續約指定專案購機享有優惠。第六，台灣大攜手公益團體，啟動 5180 即時捐，為在花蓮強震中受創的兒童和家庭提供家戶修建、生活扶助等服務。",2024-04-16 17:27:35,23307,台灣大 (3045-TW) 今 (16) 日宣布，針對地震導致服務中斷的花蓮行動用戶，可按受影響天數依比例減免月租費；全台縣市政府判定災後建築物為紅單的「好速專案」與「台灣大寬頻」用戶，則提供 3 個月寬頻月租費全額減免方案。 ,['台灣大'],71e23262-9e21-4f7b-b5ff-863e4a4b837f
【量大強漲股整理】台股震盪回檔止穩關鍵看甚麼?未來選股策略為何?,"['莊佳螢', '三大法人買賣超', '電力股', '趨勢分析', '520政策股', '電線電纜']","加權指數，今日開低走低，終場下跌 547.81 點，收在 19901.96 點，成交量 5349 億。


觀察三大法人今天籌碼動向，外資賣超 388.25 億，投信買超 16.04 億，自營商賣超 200.78 億，三大法人合計賣超 527.99 億，其中，外資連 5 天賣超，累計 785.39 億，投信連 3 買，累計 51.48 億；自營商連 4 天賣超，累計 399.33 億。


美股方面，四大指數全面下跌，道瓊下跌 0.65%，標普 500 指數下跌 1.2%，納指下跌 1.79%，費半下跌 1.39%，美國 3 月零售銷售成長 0.7%，高於預期，顯示美國消費強勁，不僅美國 10 年期美債殖利率上漲 11 個基點至 4.61%，經濟學家也紛紛上調對第一季經濟成長的預期，市場研判，如果美國國內生產毛額 (GDP) 增速連續第三季超過 3%，聯準會今年降息的機會將會大幅下降，地緣政治方面， 伊朗 13 日對以色列發動無人機和飛彈攻擊行動，打破過去數十年來與以色列僅限於「代理人戰爭」的軍事周旋，中東衝突有可能爆發為更廣泛的戰爭，這引發新的地緣政治緊張局勢，迫使市場資金轉向包括黃金在內的避險資產。台股方面，加權指數盤中一度狂瀉逾 605 點，創下台股史上第七大跌點，終場下跌 547.81 點，收在 19901.96 點，不僅摜破 2 萬點大關，也跌破月均線，雖然如此，但今天的跌點有收斂並非收最低，加上昨日八大官股行庫進場買股，買超逾買超 87 億元，且金額為今年第二大，上市 + 上櫃，跌停板家數跌家數僅 18 家，家數不高，也有弱中透強的訊號，明天為台指期結算日，預期在結算過後， ( 2330-TW) 台積電，將於 4 月 18 日召開的法說會，將會公布亮眼的第一季業績和樂觀的第二季展望，加權指數有望止跌反攻。


權值股方面，全球晶圓代工龍頭 (2330-TW) 台積電，今天股價開低走低，終場下跌 18 元，收在 788 元，守住月線，今年第一季營收成長 16.5%，成長動能強勁，如果法說會釋出利多，有望繼續上攻；( 2317-TW ) 鴻海，股價開低走低，終場下跌 5 元，收在 141 元；晶片設計龍頭 ( 2454-TW ) 聯發科，股價開低走低，終場下跌 55 元，收在 1055 元，( 2454-TW ) 聯發科，近期對外正式宣布生成式 AI 服務平台「MediaTek DaVinci」（聯發科技達哥），背後的動機，除了董事長蔡明介認為聯發科的競爭力就是「技術力」，更希望台灣產業加速導入生成式 AI，讓原本「超級富豪才玩得起的 AI，可以用更便宜的方式、且各行各業都能取得。


準總統賴清德將新內閣定位為「行動創新 AI 內閣」，帶動 AI 相關 IP/IC 設族群逆勢上漲，(3661-TW) 世芯 - KY，股價上漲 2.72%，營運主要動能來自於北美雲端服務大客戶 AI 晶片，客戶包括 AWS Inferentia、Intel Habana 等等，此外，因為 CoWoS 產能吃緊，( 3661-TW ) 世芯 - KY，積極向 ( 2330-TW ) 台積電，爭取更多產能，假設產能提升，營收可望大幅成長，外資預估今年營收上看 17 億美元，年增率高達 25%，( 3443-TW ) 創意，今日股價開低走高，逆勢上漲 2.16%，3 月營收 21.9 憶，月增率高達 24.5%，客製化晶片 ( ASIC ) 需求加速攀升，5 奈米 AI 客製化晶片也將進入量產階段，該專案與美國大廠微軟合作，搶攻 AI 版圖，2024 年營運表現可望迎來大爆發。


根據專業機構調查，2023-2028 年 AI 電力使用量預計將會以年複合成長率 30% 快速成長，充分顯示電力議題已不僅僅是缺電問題，而是 AI 科技趨勢不可或缺的重要主題，台灣重電族群將迎來強勁成長動能，(1618-TW) 合機，今日盤中最高價 51 元，再度創下歷史新高，終場上漲 2.01%，成功獲得台電總訂單 42 億元，其中包括 345kV 超高壓電纜 25.34 億大訂單，因為 ( 1618-TW ) 合機，是業界少數可以做到 345kV 超高壓電纜的廠商，預估會成為台電計畫的主要受惠者，( 1609-TW ) 大亞，今日盤中最高價 57.4 元，也是創下歷史新高，受惠於台電 10 年強韌電網計畫預計投入 5645 億元，線纜事業需求快速成長，2023 年線纜業績 113 億元，年產量 3.1 萬噸，市占率達 13.2%，三項關鍵指標皆創集團紀錄，成長動能強勁，最後是 ( 1519-TW ) 華城，雖然今日股價下跌 1.37%，但

相較於多數股票，以相對強勢抗跌，是台灣極少數能供應大型變壓器的廠商，不僅台電訂單穩定成長，外銷美國變壓器訂單更是快速成長，此外，華城旗下華城電能，全台充電樁市佔率已經高達 15%，也陸續參加許多充電樁標案並且順利得標，股價整理後，隨時有機會挑戰千元。


想持股診斷或詢問盤勢分析

歡迎免費訂閱

股市期皇后 莊佳螢


https://lin.ee/9cyliMq


台股震盪回檔之下，未來的選股策略為何?

有機會止穩的訊號看誰?


https://youtu.be/_wS98cgjKHk


4/16 強勢股分享

【上市量大上漲股】

(1810-TW) 和成

(9955-TW) 佳龍

(1617-TW) 榮星

(6283-TW) 淳安

(4588-TW) 玖鼎電力

(5515-TW) 建國

(2867-TW) 三商壽

(9935-TW) 慶豐富

(2374-TW) 佳能

(6830-TW) 汎銓




4/16

【上櫃量大上漲股】

(6264-TW) 富裔

(4760-TW) 勤凱

(4402-TW) 福大

(8440-TW) 綠電

(3490-TW) 單井

(4127-TW) 天良

(3675-TW) 德微




想持股診斷或詢問盤勢分析

請免費訂閱

股市期皇后 莊佳螢


https://lin.ee/9cyliMq


莊佳螢分析師:

每日分享盤勢解析跟精選產業個股，讓投資朋友輕鬆追蹤 2023 年年台股操作方向，相關詳細內容請加入 Line@索取，免費提供給您!


股市期皇后 證期雙分析師 莊佳螢


LINE 官方帳號

LINE ID 搜尋: @win1788 (@不可省略)

或是點擊下方網址加入


https://lin.ee/9cyliMq



Youtube 影音頻道 精彩解盤影片不容錯過!

(記得按讚，訂閱並打開小鈴鐺)


http://yt1.piee.pw/QAHKZ



FB 粉絲團:【股市期皇后】


https://goo.gl/kN2VKT

 




文章來源: 摩爾投顧莊佳螢分析師


本公司所推薦分析之個別有價證券

無不當之財務利益關係 以往之績效不保證未來獲利

投資人應獨立判斷 審慎評估並自負投資風險",2024-04-16 17:30:27,23306,無摘要,"['三商壽', '和成', '佳龍', '榮星', '淳安', '玖鼎電力', '建國', '富裔', '慶豐富', '佳能', '德微', '勤凱科技', '福大', '綠電', '單井', '天良', '汎銓', '台積電', '世芯-KY', '合機', '汎銓']",8f933467-87c9-41c6-9060-e0ebc8b64eb8
投信法人看地緣政治衝擊台股有限 逢低布局半導體ETF分散風險,"['台股', '半導體', 'ETF', '投信', '法人']","美國聯準會降息預期恐延後，加上中東局勢動盪，台股今 (16) 日重挫 547.81 點，收在 19901.96 點，摜破 2 萬點大關，半導體族群成重災區。投信法人認為，台股基本面尚稱穩健，地緣政治影響有限，由於半導體產業仍在景氣復甦階段，相關供應鏈在 AI 題材火熱下受惠程度高，短線拉回正是逢低布局的買點，建議分批承接或選擇定期定額投入 ETF 分散波動風險。


台股今天帶量跌破月線，除了跌深反彈的矽智財族群外，幾乎全線下跌，半導體權值股跌幅都不輕，晶圓代工龍頭台積電失守 800 元關卡，新光臺灣半導體 30 ETF (00904-TW) 經理人詹佳峯表示，近期中東戰鼓頻仍，全球金融市場震盪加劇，市場擔憂中東地區未來更廣泛的衝突，推升避險情緒，美國十年公債殖利率飆升，美股重挫，台灣半導體類股也難以倖免。


不過，詹佳峯認為，地緣政治風險僅短線影響盤勢，中長期仍看好全球半導體景氣回升趨勢，及台灣半導體產業在全球 AI 浪潮下的獨特競爭優勢。


詹佳峯表示，國內有 5 檔半導體 ETF 全數跌破月線，建議一般投資人可以選擇擁「高含積量」與「高含科量」的半導體 ETF，趁現階段大盤回跌、半導體 ETF 股價回檔，低接卡位或定期定額佈局，較能掌握下一波半導體股反彈新牛勢。


中信關鍵半導體 (00891-TW) 經理人張圭慧亦表示，以伊衝突在美國居中斡旋下，暫時緩解緊張關係，估計對台股影響有限，投資人宜中性看待，並持續密切觀注國際事件的發展情況。


以台股本周重頭戲來看，張圭慧指出，台積電將於 18 日召開法說會，所釋出的展望將成為市場風向球，預期在 AI 強勁需求下，今年營運有望逐季走強，半導體相關供應鏈可望受惠，連帶拉抬半導體 ETF 走勢。


展望後市，張圭慧進一步指出，年初以來消費電子展（CES）、世界行動通訊大會（MWC）、及 6 月登場的台北國際電腦展（Computex），對於 AI 及電子科技股利多不斷出籠，企業營收與獲利預期皆顯著正成長，有望推升指數向上攻堅。此外，國內基本面也報捷，經理人指數未來六個月景氣持續樂觀，3 月出口年增率近 19%，其中資通視聽產品為連續九個月年成長。",2024-04-16 17:30:41,23305,美國聯準會降息預期恐延後，加上中東局勢動盪，台股今 (16) 日重挫 547.81 點，收在 19901.96 點，摜破 2 萬點大關，半導體族群成重災區。投信法人認為，台股基本面尚稱穩健，半導體產業仍在復甦階段,"['新光臺灣半導體30', '中信關鍵半導體']",878ffaf6-62e2-4ada-8d01-efa6b7da164f
慧洋-KY巴拿馬型新船交付 與歐洲糧商簽下長期租約,"['慧洋', '散裝', '海運', 'BDI', '原物料']","散裝航商慧洋 - KY(2637-TW) 今 (16) 日公告，新船交付投入營運，並與歐洲知名糧商威特發 (Viterra) 簽訂 3 年以上長期租賃合約，今年尚有 1 艘超級極限型預計在上半年內加入，持續為營收挹注新動能。


此次新交船由常石集團 (舟山) 打造，為巴拿馬型 (82,300 噸)NOx 第三期環保節能船，船名 Katagalan Champion，為今年交付的第 3 艘新船。


慧洋董事長藍俊昇表示，即便散裝新造船數量在去下半年起開始增加，但因疫情期間散裝船舶新訂單受貨櫃和油輪等大型船舶排擠，再加上紅海危機、以巴衝突等國際局勢動盪，拉長船舶周轉天數，然而，目前散裝新造船訂單平均需約 3.5 年，也就是說，今明兩年預計投入市場新船數量仍偏低。


藍俊昇進一步提到，隨著環保法規日益嚴峻，非節能船將面臨航行區域限制、降速甚至淘汰等狀況，將使船舶供給更吃緊，而慧洋目前旗下有高達 135 艘船舶，平均船齡約 8 年，今年尚有 1 艘超級極限型預計上半年內加入，在同業間具備船舶輕齡優勢，樂觀看散裝市況將持續走揚。",2024-04-16 17:31:57,23304,慧洋 - KY 巴拿馬型新船交付 與歐洲糧商簽下長期租約,['慧洋-KY'],5d889ad4-02c8-4828-be59-e833a99f7f01
外資賣超台股388億元 大舉調節4檔金控股 買超鴻海2.62萬張,"['台積電', '鴻海', '金控', '中工']","台灣金融市場今 (16) 日面臨股市及匯市雙殺局面，股市大盤跳空下跌開出後，終場指數收在 19901.96 點，下跌 547.81 點，成交值 5349.09 億元；三大法人合計賣超 572.98 億元，包括新光金、第一金、台新金、玉山金等金控股均爲外資主要調節標的，而外資買超第一名則爲鴻海 (2317-TW)，外資計買超 2.62 萬張。


4 月 16 日集中市場外資賣超 388.25 億元，爲 2024 年以來第三大單日賣超金額，投信買超 16.04 億元，自營商賣超 200.78 億元，合計三大法人賣超 572.98 億元。在期貨市場部分，外資交易淨口數爲空單 591 口，未平倉合約口數淨額增加到 18386 口。


4 月 16 日集中市場外資買超較多的個股爲，鴻海、中工、三商壽、中興電、矽統、寶成、金像電、聯上發、東元、國建；4 月 16 日集中市場外資賣超較多的個股爲，長榮航、聯電、新光金 (2888-TW)、第一金 (2892-TW)、台新金 (2887-TW)、玉山金 (2884-TW)、緯創、台積電、華邦電、群創。


4 月 16 日集中市場投信買超較多的個股爲，聯電、大聯大、力成、群光、大亞、啟碁、旺宏、聯電、國產、日月光投控；4 月 16 日集中市場投信賣超較多的個股爲，中信金、光寶科、緯創、金像電、廣達、宏碁、鴻海、台達電、智邦、台光電。


4 月 16 日集中市場自營商買超較多的個股爲，聯電、友達、三商壽、元大金、漢翔、永豐金、中信金、威盛、仁寶、亞泥；4 月 16 日集中市場自營商賣超較多的個股爲，大同、長榮航、鴻海、燿華、東元、華航、中興電、廣達、華通、宏碁。


今天的大盤表現弱勢並已跌破月均線，資深分析師簡伯儀指出，在中東地緣政治衝突未解之前，操作上也仍應保守。台股的由 2 萬點以上的高檔恐慌性下殺，證券分析師黃漢成說，2024 年首季台股在登上 2 萬點後，第二季的操作難度頗高，近兩日的台股出現重挫，雖然可能在重跌之後會有反彈，但投資人應相對衡量本身對市場風險的承受能力再介入。同時，即使台股將還有震盪走堅的表現機會，但估計上檔空間已經不大。",2024-04-16 17:36:50,23303,台股今 (16) 日終場指數收在 19901.96 點，下跌 547.81 點，成交值 5349.09 億元；三大法人合計賣超 572.98 億元，包括新光金、第一金、台新金、玉山金等金控股均爲外資主要調節標的。,"['鴻海', '新光金', '第一金', '台新金', '玉山金']",da06b1db-a25f-4f04-89a1-2cfa24fb3e56
國泰3檔ETF配息出爐5月中入帳 年化配息率5-7%,"['台股', 'ETF', '債券', '國泰投信', '除息', '配息']","5 月報稅季將至，投資人密切關注多家投信的 ETF 配息公告，國泰投信官網今 (16) 日公布國泰投資級公司債 ETF(00725B-TW)、國泰 10Y+ 金融債 ETF(00933B-TW) 及國泰數位支付服務 (00909-TW) 3 檔配息金額，以今日收盤價計算，年化配息率落在 5-7%，將於 4 月 18 日除息，投資人只要於 4 月 17 日前買進，5 月 15 日就可入袋，對繳稅不無小補。


根據國泰投信官網顯示，00933B 4 月配息 0.07 元，與 3 月配息金額相同，若以今天收盤價 16.35 元計算，年化配息率約 5%；00725B 第一季配息 0.56 元，以今天收盤價 37.18 元計算，年化配息率約 6%；00909 配息 1.81 元，以今天收盤價 26.27 元計算，年化配息率接近 7%。


受到美國經濟強勁影響，針對市場原預測最快 6 月會迎來降息，美國總統拜登亦發表看法，他表示今年還是會降息，只是可能會延後 1 個月，引發股債市震盪，國泰投信 ETF 研究團隊表示，其實聯準會降不降息，投資人都不用對景氣或股債市表現太過於擔心，台股第一季以來，在資金豐沛、外資及投信助攻下，已提前站穩 2 萬點，目前的高點位更考驗投資人篩選個股的能力，透過一籃子股或債的 ETF 定期定額投資多頭市場，是免盯盤又可跟上大盤漲幅的懶人最佳投資法。


進一步觀察國泰投信 4 月除息的 ETF 中，兩檔債券 ETF 都是近期人氣標的，其中，00725B 規模已超過新台幣 968 億元，有望入列千億級債券俱樂部，指數持債平均有效存續期間為 11.77 年，標的指數近期殖利率有 6.11%(4/11)，因為殖利率和價格呈反比關係，未來降息後，若殖利率下降 1%，債券價格有機會上漲近 12%，若下降 2%，就可能有近 24% 的資本利得，近期殖利率創高，甜甜價讓買氣升溫。


另一檔 00933B，主打大到不能倒的全球系統性銀行，歷史上從無違約紀錄，吸引大戶及法人資金停泊，00933B 每張價格不到一萬七，有月月配息及收益平準金，且因債息屬於海外所得，免徵二代健保補充費，在綜合所得稅方面，海外所得 100 萬元以內免申報，適合精打細算族。


除了債券 ETF 被納入口袋清單，2024 年初以來價格飆升的比特幣，也帶給投資人不少驚喜，國泰投信 ETF 研究團隊亦建議，各種幣種的交易相當複雜，其實台灣就有跟數位資產相關的 ETF 可投資，00909 指數持股包括 Microstrategy 微策略 (12.44%) 是全球持有最多加密資產的上市公司之一、Coinbase(7.84%) 為美國最大加密貨幣交易所、礦機晶片最大供應商 NVIDIA 輝達 (6.45%)、超微 AMD(4.25%) 等，未來還有波段操作的空間，也是本月除息的 ETF 大黑馬。",2024-04-16 17:42:22,23302,5 月報稅季將至，投資人密切關注多家投信的 ETF 配息公告，國泰投信官網今 (16) 日公布國泰投資級公司債 ETF(00725B-TW)、國泰 10Y+ 金融債 ETF(00933B-TW) 及國泰數位支付服務,"['國泰投資級公司債', '國泰10Y+金融債', '國泰數位支付服務']",37463578-c8a7-414d-8684-ae1110166ca1
小七搶高端茶飲版圖 買杯要價百元「茶咖」將開賣,"['咖啡', '飲料', '超商', '統一超', '7-11']","在全家 (5903-TW) 甫宣布創立手搖飲品牌後，統一超 (2912-TW)7-ELEVEN 今 (16) 日也宣布，率超商通路之先，以「東西方結合」概念推出精品茶咖系列，期間限定僅 20 萬杯，法人估可創造出約 2000 萬元的營收，在飲料業逐漸進入旺季之際，再創新成長曲線。


7-ELEVEN 旗下精品咖啡品牌 CITY PRIMA 主要搶攻精品咖啡愛好者的消費市場，此次率超商通路之先，推出精品茶咖系列，選用精品級在地名茶、職人茶師監製的紅玉紅茶 (南投日月潭) 和春烏龍 (南投松柏嶺)，首次推出紅玉 18 精品拿鐵與春烏龍精品拿鐵茶咖，原價 130 元，並限量 20 萬杯，持續拓展高端飲料版圖。


7-ELEVEN 看好精品咖啡在台灣的發展潛力，2019 年即率超商通路之先推「衣索比亞耶加雪菲」精品咖啡，嚴選通過 CQI(咖啡品質協會) 評鑑 80 分以上的精品咖啡豆；2020 年起以 CITY PRIMA 正式品牌化深耕經營。


CITY PRIMA 精品咖啡長期以「主題造日」、「結構調整」、「品牌精耕」3 大品牌策略，追求咖啡極致風味，並拓展多元客群，有助國內精品咖啡進一步大眾化，此次新推出茶咖系列，導入高端茶飲新客可期，並創造成長的新動能。",2024-04-16 17:42:57,23301,小七搶高端茶飲版圖 買杯要價百元「茶咖」將開賣,"['全家', '統一超']",a3bb983e-549e-4ae3-8e1d-a95e541378bc
終端庫存問題緩解 新唐Q2營運復甦,"['永誠投顧', '股海大丈夫', '陳建誠', '本週財經大事', '新唐', '趨勢分析']","新唐 (4919-TW) 處消費電子傳統淡季，MCU 市場短期缺乏漲價動能，加上車用市場庫存調整持續，首季營收 84.68 億元、年衰退 5.44%。展望第二季，通路端庫存問題預期減輕，將重啟拉貨動能，有望帶動主要應用產品線逐步復甦。以車用與工控產品應用別而言，新唐車用電池管理晶片主要出貨日本為主，而在產品拓展導入中國 Tier 1 客戶下，在中國市場的發展可望穩步提升，另，抬頭顯示器應用新品也進入量產、供貨予台灣模組廠，將帶動該領域後市營收成長。


通訊產品方面，可望於下半年跟隨全球手機市況回溫，加上應用於鋰電池保護的 CSP mosfet 導入新平板應用，營收亦有成長趨勢。消費性應用上，獲得韓系乾衣機、空調等新型號產品導入，預期可望受惠下半年景氣回溫迎來成長。新唐持續推出新品並導入客戶應用，自去年第四季起推出 eBMC 晶片，鎖定邊緣運算平台市場，以實現線外管理及安全功能。該產品基於新唐既有的 BMC(伺服器遠端管理控制晶片) 和 TPM(信賴平台模組) 技術，目前已有廠商開始導入，並預期將在今年步入量產，將成為公司未來成長動能之一。電腦產品則受惠於 AI 應用新機種推出，擁有整體銷量回升題材，加上 USB4 re-timer 量產出貨予台灣電腦廠商，對後市展望相對樂觀。新唐今日的股價逐步從谷底走出，也預示著公司營運將回溫，3 月營收月增 3 成，是近 12 個月的新高，這就是投資人可以焦點關注的個股，與其再去追那些高檔的熱門股，這種低位階即將迎來復甦的股票，反而會是現階段相對好的投資標的。


想要跟著我一起學習基本面，掌握產業趨勢的，歡迎訂閱股海大丈夫的 YT 頻道：
https://www.youtube.com/@cmestyle 

想要掌握第一時間股市資訊，只要加入股海大丈夫 Line@ 就可以得到第一手消息

Line@官方粉絲帳號 : 
https://reurl.cc/Q9m4jq

專人諮詢服務：02-2542-9977

YT : 
https://www.youtube.com/@cmestyle

文章來源：永誠投顧陳建誠分析師",2024-04-16 17:53:53,23300,無摘要,['新唐'],69ccf94f-cf55-421e-8447-3cbf4eea28fd
〈新內閣人事〉工商協進會：期許財經新內閣鞏固台灣供應鏈關鍵地位,"['賴政府', '新內閣', '工商協進會', '郭智輝', '彭金隆', '劉鏡清']","行政院第三波新內閣人事今 (16) 日出爐，主要為財經部會官員。包括新任經濟部長郭智輝、金管會主委彭金隆，以及國發會主委劉鏡清。對此工商協進會指出，期許新內閣可以持續鞏固台灣在國際供應鏈中的關鍵地位。 


工商界最關切的財經部會官員今天揭曉，工商協進會指出，期許新任經濟部長郭智輝，以及國發會主委劉鏡清，為政府經貿政策注入新思維，創造產業的新動能。同時，也期許新任金管會主委彭金隆可以從金融發展的角度出發，推動金融改革，提升金融業的競爭力。 


工商協進會理事長吳東亮表示，工商界對新政府的期許包括經濟求堅韌、金融求發展、科技求創新、勞資求和諧、兩岸求穩定。另外，當前台灣受惠地緣政治與供應鏈關鍵地位，在國際上能見度大增，因此期許新政府應掌握當前產業發展趨勢，優化國內的投資環境，並拓展國際經貿合作的平台，鞏固台灣在全球的戰略價值地位。 


此外，工商協進會也提到，新內閣上任後將立即面對國內外政經情勢的挑戰，因此建議 520 上任前，可多與業界溝通。",2024-04-16 17:59:25,23299,行政院第三波新內閣人事今 (16) 日出爐，主要為財經部會官員。包括新任經濟部長郭智輝、金管會主委彭金隆，以及國發會主委劉鏡清。對此工商協進會指出，期許新內閣可以持續鞏固台灣在國際供應鏈中的關鍵地位。 ,[],189cc58f-f9fc-49d5-8a01-016df3090776
台股快速拉回，該如何調整持股？風雨中更能看清「這族群」就是下一波主流,"['趨勢分析', '大華國際投顧', '蘇建豐']","中東戰爭尚未平息，美國零售銷售數據高於市場預期，聯準會降息機率降低，美債殖利率上升，美股嚇趴回測，盤勢偏弱先觀察止跌訊號；台股跟著美股回測，今天加權指數直接灌破月線，先觀察不破前天低點或長下影線的初步止跌訊號，下面支撐 15932~19682 點。


大華國際投顧蘇建豐表示，今天台股下跌家數達到 1600 家，高達 9 成的股票都下跌，代表出現恐慌性殺盤，這種盤勢通常會伴隨快速彈升，投資朋友要冷靜思考，操作不要亂了手腳；漲多的電子股跌幅較重，例如台燿 (6274-TW)，聯茂(6213-TW)，佳必琪(6197-TW)，所羅門(2359-TW)，迎廣(6117-TW) 等等，不過股價位階並不相同，這時候觀察股價如果還能守穩月線，相對於台股就是較強勢，這種股票就可以續抱，甚至可以趁機佈局或加碼，盤勢止穩就能快速彈升，但是股價這兩天下跌，跌破季線，就是相對弱勢，該出場就要先出場，控制風險。


重電和電線電纜還是強勢，整個族群一起攻擊，均線乖離率大，本益比到 4X~50 倍以上偏高，不建議再追價，例如，華城 (1519-TW)，士電(1503-TW)，大亞(1609-TW)，亞力(1514-TW) 等等，應該要把目光轉到低檔轉強的好股票，更有上漲空間。


例如，風電訂單滿，上緯投控 (3708-TW)，今年預估獲利 13 元左右，本益比相對偏低，有機會成為下一波主流。


蘇建豐指出，AI 浪潮之下，AI 晶片要算力要提升晶片效能，就要 CoWoS 先進封裝以及水冷液冷散熱，甚至矽智財修正本益比之後，出現投資價值，今天沒跟著台股回測，有機會成為下一波主流。


世芯 - KY(3661-TW)，這一波股價從 4565 元跌到 2695 元，大跌 40%，但是今年預估獲利 80~90 元，本益比修正後，浮現投資價值，大多數矽智財個股這一波跌幅 30~50%，可以好好關注，例如，智原 (3035-TW)，愛普 (6531-TW)，創意 (3443-TW)，神盾 (6462-TW)，安國 (8054-TW)，不過每一檔操作方式不同，跟著蘇建豐掌握操作節奏，獲利更輕鬆。


健策第二 - 一詮 (2486-TW)，打入 CoWoS 供應鏈，高階均熱片下半年開始出貨，今年預估獲利 3~5 元，第一波操作 51~76.6 元，大賺 + 50%；股價回測還站穩月線，又有操作的機會，跟著大華蘇建豐佈局，簡單獲利。


CoWoS 飆股 - 迅得 (6438-TW)，CoWoS 預計下半年通過台積電認證出貨，營收會大幅度跳升，今年預估獲利 10 元，目前本益比 13 倍，股價 128 元，同樣獲利 10 元的辛耘，股價 34X 元，這就會有比價空間，潛在上漲空間 50% 以上。


蘇建豐認為，AI 題材燒不完，矽統 (2363-TW) 切入矽智財，股價大漲 + 40%；佳能 (2374-TW) 切入 AI 應用平台，股價大漲 + 54%；所羅門 (2359-TW) 切入輝達機器人，大漲 1.83 倍，這都說明資金對於 AI 較有共識，獲利就在裡面。


「隱藏機器人 3XXX」，市場上沒人知道，公司深耕智慧型機器人，視覺解決方案，快速切入 AI 領域，第一季營收年增 80% 以上，今年預計營收和獲利都會倍增，股價 3X 元嚴重低估，要比價百元所羅門，所羅門第二不要錯過，震盪就是佈局機會。


「天眼商機 XXX1」，股價 2X 元低檔轉強，小資族都可以操作，今天股價還創下近期高，AI 新商機營收大爆發，3 月營收年增翻倍，股價會繼續攻擊，潛在上漲空間高達 + 50% 以上，現在就是起漲點。


採訪來源: 大華國際投顧 蘇建豐分析師




股市高檔震盪，操作難度加大，現在不用求大波段獲利，一檔 + 20%，五檔就 + 100%，一樣翻倍賺。


盤勢震盪，共體時艱，超級優惠來了，一起卡位重壓，「飆股龍來賺」，重壓飆股，優惠 168，直接留言 ""重壓 + 手機號碼""


【Line ID】@lung88988


https://lin.ee/NoCbIJF




台股快速拉回，該如何調整持股？風雨中更能看清「這族群」就是下一波主流




FB 頻道 
https://www.facebook.com/stockfuturelung5


LINE 官方帳號 
https://lin.ee/NoCbIJF


ID:@lung88988


本公司所推薦分析之個別有價證券 無不當之財務利益關係 以往之績效不保證未來獲利 投資人應獨立判斷 審慎評估並自負投資風險",2024-04-16 18:00:06,23298,無摘要,"['上緯投控', '佳必琪', '所羅門', '迎廣', '華城', '士電', '大亞', '亞力', '世芯-KY', '台燿', '智原', '愛普', '創意', '神盾', '安國', '一詮', '迅得', '矽統', '聯茂', '佳能']",5b80e784-54ea-406a-afce-968aa5730902
威剛跌停 欣興重挫 如何看待? 資金行情結束 贏在修正，短線部位持續獲利放口袋: 弘塑 全訊,"['亨達投顧', '陳智霖', '威剛', '欣興', '弘塑', '全訊', '台積電', '嘉基', '國巨', '川湖', 'CoWoS', '世芯-KY', '趨勢分析']","台股今天重挫超過 - 2.68%，盤中下跌接近 600 點，大家都很關心行情接下來的變化，邀請投資人可以鎖定我今天晚上 7 點播出的節目，從今天整體市場資金的變化先給大家結論，資金行情結束，股市修正 你想要賺錢也要贏在修正，為何會說資金行情結束，今天的節目會透過 2 個重點來跟大家分析這樣的現象。


今天的盤面很明顯的連防守型的股票都重挫，除了匯率貶值創低外資賣超之外連同內資的自營商也大幅度的賣超，因此造成好壞的股票全面下跌，很多熱門股打到跌停板，因此今天盤面氣氛有恐慌的味道，明天就是台指期的結算，從籌碼面來看還是會震盪不排除壓低結算，但是市場已經恐慌而且多檔股票重挫，短期你是否要隨著情緒去亂砍股票不見得是好的時機，因為星期四將是我們臺股最重要的權值股台積電 (2330-TW) 的法說會，半導體趨勢向上不變，第二季會整理老師在 4 月 6 號直播很明白告訴各位，第二季重點將是要避開回檔，更是在去年 12 月就早已預告第一季會見到相對高點，第二季會整理的看法，目前是完全吻合。


因為這些的看法所延伸的策略，才會有帶會員的這些的操作方式，相信大家很清楚我們 3 月到 4 月份的操作非常的亮眼，帶會員有進有出，長短做搭配，哪些股票可以持續操作進場都非常的清楚，舉例來講，4 月 9 號賣出了四檔股票，分別是嘉基 (6715-TW)、國巨(2327-TW)、川湖(2059-TW) 與弘塑(3131-TW)，大多數賣出都沒有買回來，只有弘塑持續的做操作，今天盤中股價從快跌停拉到盤上，這足以證明它是強勢股，CoWoS 是趨勢完全驗證。




從去年 9/30 節目就預告 CoWoS 今年產能翻倍至明年則會翻到三倍，既然 CoWoS 是重點股票，但依照個股屬性位階有著不同的操作手法，3 月以來老師操作弘塑大家有目共睹，860 元附近進場跟加碼兩筆，上星期跟大家預告會遇到通膨反彈的利空測試，因此 960 元附近將兩筆資金獲利高出，到週四台股實際利空測試下跌，我們重新於 900 元以下進場買進，週五弘塑攻漲停收盤 1005 元，周一台股重挫接近三百點，弘塑繼續大漲，智霖老師在 4/15 請會員在 1030 元以上獲利了結，盤中繼續創高至 1065 元，會員隨便賣都賺錢，為何這檔股票這裡要賣? 為何弘塑是以做高出低進價差為主，這都是需要透過有經驗的老師來帶領幫助你，弘塑這檔股票最近這幾筆操作，你只要是買 1 張就好，短短一個月就讓你賺超過 30 萬以上，扣掉會費還大賺，假設你是買 10 張那就是 10 倍。




台股出量下跌，截至上週五融資及外資借券連環增創高，老師近一個月文章不斷強調指數在高檔震盪時最重視的就是籌碼面，老師 APP 的文章每星期都有分享當週信用籌碼有疑慮名單，而且陳智霖分析師的 APP 是提供投資朋友免費下載註冊的，在 3/16(六) 直播點名世芯 - KY(3661-TW) 籌碼有疑慮第一名，股價從當時的 3600 元跌至昨天 2755 元，看對節目找到一個能夠提醒避開風險，慷慨分享獨家數據提出觀點的分析師，目前檯面上應該只有被網友稱為超直白會長的陳智霖老師，而現階段還有哪些個股有籌碼面問題呢? 投資朋友你一定要立即下載 APP 來收看，平日的晚上 19:00 也都會有陳智霖老師親自撰寫的免費分析文章，沒有下載 APP 真的就是你的損失喔。


點擊連結免費下載註冊〈陳智霖分析師
 APP
〉獎勵金回饋立即領 
https://hantec.liveinapp.com/jhih-lin-app-lin




台股今天重，我想大家心情一定會比較低落，老師還是呼籲大家正能量，今天的節目會透過數據面來告訴你，還是先以拉回整理看待，但是資金行情一旦結束代表著拉回之後的反彈後面很多個股，你是必須要做出調整的，威剛昨天創新高之後今天打到跌停板，今天的節目會再度透過籌碼面來跟你分析威剛也要告訴投資朋友股市操作的觀念，欣興 (3037-TW) 在昨天文章也是告訴各位，趨勢股拉回是布局機會，既然是布局就不是壓好壓滿，而是要透過控管策略的方式，臺達電華碩這些個股今天也都有出現拉回，前面我們有帶會員操作獲利放口袋，包括今天的全訊 (5222-TW) 也全數獲利了結，有這些短線操作的搭配，中長線持股獲利回吐是可以接受的，更多的細節跟觀念，邀請你一定要點幾下方影片來收看，也請你不吝嗇幫我按讚跟分享， 500 個讚，我們周四節目再見面。


最新影音 (請點影音上方標題至 Youtube 收視品質會更佳)




才剛剛接觸陳智霖分析師的新朋友，建議您現在立即點選連結下載安裝陳智霖分析師 APP，新註冊的用戶可免費盤中選股以及會員專屬影音，歡迎您透過體驗來了解陳智霖老師，午報導航體驗都是限時限額開放，千萬不要浪費了您可以免費體驗的權益喔。




點擊連結免費下載註冊〈陳智霖分析師
 APP
〉獎勵金回饋立即領 
https://hantec.liveinapp.com/jhih-lin-app-link


錢進熱線 02-2653-8299, 立即邁向系統依據的股票操作。


文章來源：陳智霖分析師 / 亨達投顧


本公司所推薦分析之個別有價證券

無不當之財務利益關係 以往之績效不保證未來獲利

投資人應獨立判斷 審慎評估並自負投資風險",2024-04-16 18:10:06,23297,無摘要,[],da9d194a-f323-4219-8939-7bfb6f46d98f
台股急殺摜破2萬點 金管會信心喊話「不能只看一日」,"['台股', '金管會', '證期局', '外資']","台股今 (16) 日跳水重挫 547 點，摜破 2 萬點大關，股匯雙殺引起市場恐慌，金管會對外信心喊話，證期局主秘尚光琪表示，主要受到中東地緣政治升溫影響，美股全數收黑，台股雖在亞股中跌最多，但不能只看一日，要看長期趨勢，並重申上市櫃公司基本面穩健，金管會將持續密切關注國際政經變化，適時採取相關措施。


觀察今天亞股表現，呈現全面下跌，台股收盤指數為 19901.96 點，下跌 547.81 點，跌幅 2.68%，成交值 5349.08 億元，外資賣超約 366.15 億元；同時段，韓國跌 2.38%，日本跌 1.68%，香港跌 1.59%，新加坡跌 1.28%，上海跌 0.66%。


若從今年以來股市走勢及外資動向來看，今年截至 4/15 止，台股漲幅 14.05%，遜於日本漲幅 17.24%，勝過上海漲幅 2.77%、韓國漲幅 0.57%、新加坡跌幅 1.75%、深圳跌幅 1.63%、香港跌幅 2.62%，台股表現在亞股中位居第二名。


根據統計，今年截至 4/15 止，外資買超台股 909.64 億元，台股集中市場日均成交量約 3943 億元，相較去年同期增加 77.33%。信用交易之整戶擔保維持率為 173.44%。


尚光琪強調，台股基本面尚稱穩健，今年截至 3 月底，本益比約 23.53 倍，現金殖利率達 2.71% (加計股票股利為 2.81%)，國內上市櫃公司截至 3 月底累計營收約 9.53 兆元，較去年同期增加 5.4%，為歷年同期次高。",2024-04-16 18:13:19,23296,台股今 (16) 日跳水重挫 547 點，摜破 2 萬點大關，股匯雙殺引起市場恐慌，金管會對外信心喊話，證期局主秘尚光琪表示，主要受到中東地緣政治升溫影響，美股全數收黑，,[],8c51a5cd-dc31-406e-bf74-f370d43bd274
泓德能源首參與國際智慧移動展 攜手士電布局電動車充電業務,"['泓德能源', '士電', '充電', '電動車']","泓德能源 (6873-TW) 今 (16) 日宣布，將首度參與台灣國際智慧移動展，與士林電機 (1503-TW) 聯合展出，共同布局電動車充電事業版圖，不僅呈現各自在充電領域的成果與優勢，更表達雙方合作表後光儲充解決方案的決心。


泓德能源 2021 年成立星舟快充提供全方位充電營運商服務，整合集團軟硬體資源，提供一站式充電營運解決方案。


泓德能源指出，台灣目標 2040 年禁售燃油車，因此積極拓展電動車市場，但要普及電動車，就得先布建足夠的充電樁，才能減緩車主的里程焦慮問題。從電動車數量來看，台灣 2023 年新售純電小客車為 2.4 萬輛，總量已達 5.8 萬輛。預估到 2030 年單年銷售量將成長至 11-18 萬輛，總量則為 52-71 萬輛，路上每 10 台車就有 1 台是純電小客車，銷售佔比達 30-40%。


泓德能源總經理周仕昌表示，因應電動車銷量不斷提高，充電設備與相關服務也必須大幅提升，才能滿足車主需求。參考電動車的銷量預估，充電設備累計至 2030 年預計有 146-200 億的規模，至 2030 單一年度，充電費用則預估有 96-130 億的收入。泓德能源看好充電市場商機，成立星舟快充，展開「充電站建置與營運」、「充電設備銷售與保修」以及「充電站加盟與代管服務」。


也因此，泓德能源將與士林電機在台灣成立合資公司，展開在地化生產與銷售通路合作，共同將表後光儲充解決方案應用在各種不同場域中。未來，雙方也將一起跨足國際市場，首要目標即瞄準日本市場，並與日本在地大型商社合作，共同開發表後光儲充解決方案應用場域。


星舟快充整合四大營運優勢，包含完整規劃建置團隊、自有維修客服團隊、後台軟體開發團隊與曝光引流行銷團隊，提供軟硬體場域整合解決方案 TITAN，服務內容涵蓋智慧綠電系統、充電樁設備與充電專用園區。充電站開發站點已遍及全台，合作夥伴包含連鎖通路、停車場業者與飯店百貨等。",2024-04-16 18:21:49,23295,泓德能源 (6873-TW) 今 (16) 日宣布，將首度參與台灣國際智慧移動展，與士林電機 (1503-TW) 聯合展出，共同布局電動車充電事業版圖，不僅呈現各自在充電領域的成果與優勢，更表達雙方合作表後光儲充解決方案的決心。,"['泓德能源', '士電', '泓德能源']",bfe5d175-b7f1-49ad-8dc4-75806fd4b879
勞動部： 訂單回穩 無薪假人數降至 6385人 創34個月來新低,"['無薪假', '勞動部', '製造業']","勞動部今（16）日公布勞雇雙方協商減少工時（無薪假）統計，無薪假人數降至 6385 人，創下自 2021 年 6 月、34 個月來新低，比上期公布人數大幅減少 1351 人。勞動部表示，本次以製造業無薪假人數減少最多，顯示訂單呈現回穩，整體趨勢持續朝好的方向發展。


勞動部指出，無薪假實施事業單位共 260 家，實施人數 6385 人，較上期公布的 346 家、7736 人相較，減少 86 家，人數減少 1351 人，其中製造業就減少 1148 人，顯示不少事業單位回報訂單回穩，停止實施無薪假，可見整體仍往好的方向走。


根據勞動部統計資料指出，2021 年因新冠疫情實施三級警戒，無薪假人數當年 6 月 24 日最高達 1 萬 229 人，本期降至 6385 人，創下歷時 2 年 10 個月來的新低紀錄。


單以實施無薪假的產業別來看，仍以製造業實施人數比例最高、達 5969 人，減少最多的業別亦為製別業，其中以金屬機電業減少 972 人最多、其次為資訊電子減少 144 人、民生工業減少 84 人，只有化學工業反增加 52 人。",2024-04-16 18:28:57,23294,無薪假人數降至 6385 人，創下自 2021 年三級警戒後、34 個月來新低，與上期公布人數大幅減少 1351 人。勞動部表示，本次公布以製造業無薪假人數減少最多，顯示訂單呈現回穩，整體趨勢持續朝好的方向發展。,[],fce9f3d8-a755-4fb1-9d0c-b63378644653
裕慶-KY通過配發股息13元 擬6月下旬不含息IPO上市,"['裕慶-KY', 'IPO', 'EPS']","商用展示架、智能電動床機構件廠商裕慶 - KY(6957-TW) 在 2023 年全年稅後純益達 8.8 億元，每股純益 18.11 元，今 (16) 由股東會通過配發每股 13 元股息，不過，規劃於 6 月下旬上市掛牌的裕慶 - KY，預計在上市時將不含此一息值掛牌，也就是說，裕慶 - KY 的去年 13 元股息將在上市前配發給現有股東完畢。 


目前股本 4.87 億元的裕慶 - KY 爲來台第一上市的 KY 公司，2023 年營收 38.64 億元，毛利率 46.6%，年增 12.2 個百分點，2023 年全年稅後純益達 8.8 億元，年增 68.19%，每股純益 18.11 元，今天召開的股東會則通過配發去年股息 13 元，盈餘配發率爲 71.78%，也是歷年最高的股利配發案。


裕慶 - KY 為商用展示架、智能電動床機構件之設計、製造、服務全方位大廠，資本額 4.87 億元，1998 年起源於台灣，擁有台灣南投、中國昆山等生產基地，以及美國芝加哥子公司 Beeline 之設計團隊與在地倉儲服務，2023 年商用展示架、智能電動床機構件營收比重分別為 69.53%、26.14%，裕慶集團於 2018 年啟動商用展示架從 OEM 轉型 ODM 業務模式，陸續打入 Home Depot、Lowe’s 等全球大型量販品牌通路供應鏈，且集團亦為全球知名通路、食品飲料、服飾鞋類等品牌客戶的長期合作夥伴，至今累積超過 30 家品牌客戶服務實績，直接銷售客戶比例提升至 89.87%。


裕慶 - KY 2023 年合併營收達 38.64 億元，年減 10.82％，主係美國實體經濟受到升息影響，消費者對高單價產品的消費力道逐漸減弱，使智能電動床機構件訂單隨之減少所致，惟受惠集團業務接單組合優化、垂直整合效益展現，帶動 2023 年營業利益達 11 億元，年增 77.51％，稅後淨利 8.80 億元，年增 68.19％，每股純益達 18.11 元，年增 57.89%，繳出歷年新高成績。


裕慶 - KY 申請上市案，於 2023 年 12 月 25 日經證券交易所上市審議會通過，並於 2024 年 1 月 25 日經證交所董事會通過核准上市，由中國信託證券擔任主辦券商，預計於 6 月下旬掛牌。


裕慶 - KY 指出，看好主要客戶今年仍持續推動店面改裝、展店計畫，帶動商用展示架訂單拉貨良好需求，再加上集團於去年研發專利燈具展示架、自動灑水商用展示架等新品亦陸續於今年出貨放量，有助於挹注未來營運良好動能。


另一方面，裕慶 - KY 仍戮力擴大商用展示架及智能電動床機構件兩大業務接單動能，同時，深化集團垂直整合策略效益，並結合 AI 感測模組、電子相關技術研發設計。",2024-04-16 18:54:37,23293,裕慶 - KY(6957-TW) 在 2023 年全年稅後純益達 8.8 億元，每股純益 18.11 元，今 (16) 由股東會通過配發每股 13 元股息，不過，規劃於 6 月下旬上市掛牌的裕慶 - KY，預計在上市時將不含此一息值。,['裕慶-KY'],7674f742-5e8e-4797-a15a-ad9f5945fac3
臺幣直直落免驚 合庫雙幣卡靈活運用 國外消費2%回饋無上限,"['合庫銀', '信用卡', '外幣']","國人旅遊風氣正熾，但近日新台幣匯率直直落，如何聰明刷卡不吃虧？合庫適時推出雙幣結付功能的「雙幣鈦金卡」，可選擇新台幣搭配美元或日幣，國內消費以臺幣結付，國外消費以指定約定外幣結付，並提供卡友國外一般消費 2% 回饋無上限，刷越多、賺越多。


合庫表示，經常出差或旅遊的民眾可利用網路銀行，趁匯率低點的時候，提早換好外幣，當在國外刷卡消費時，可從外幣帳戶直接扣款，不需擔心匯率波動，可降低換匯成本，使資金運用更為靈活。


使用合庫雙幣鈦金卡，消費滿額更可享國內市區停車、24 小時道路救援服務、國際機場停車、國際機場貴賓室以及最高 3,000 萬元旅遊平安險等優惠，提供卡友更便利、優質的服務。",2024-04-16 18:55:12,23292,合庫適時推出雙幣結付功能的「雙幣鈦金卡」，可選擇新台幣搭配美元或日幣，國內消費以臺幣結付，國外消費以指定約定外幣結付，並提供卡友國外一般消費 2% 回饋無上限，刷越多、賺越多。,['合庫金'],733ada0e-4cd7-428f-8f25-6e0676c58ba7
台股重挫失守兩萬點，「這族群」卻展現反攻的態勢!,"['大華國際投顧', '鄭瑞宗', '趨勢分析']","週二台北股市重挫 547 點收 19901，一舉失守月線與 2 萬點大關，原因來自於以色列、伊朗的緊張局勢，導致 VIX 指數大漲，原物料價格走升，將更推遲 FED 降息的時間，所有貨幣對美元都貶值，台幣貶至 32.56 新低，外資持續提款匯出，加權指數則是自 1/19 本波起漲以來，首度跌破月線。


大華國際投顧鄭瑞宗表示，這波加權自 1/17 的 17161 漲到 4/10 的 20833 最高點，共計大漲 3722 點，同時間台積電自 581 漲到 826 元，共計大漲 245 元，貢獻指數約 2082 點，佔同期大盤漲點 56%，若從 3/1 計算，指數 18935~20883 共計 + 1898 點，台積電則 689 漲到 826+137 元，貢獻漲點 1165 點，佔大盤漲點 61%，若再加計鴻海、廣達等大型股表現，比重恐怕超過 80%，台積電的權重太高，讓最後行情漲這近 1900 點，大家都沒有感覺， 每天看指數創新高，股票都下跌套牢，是大部分人的心聲，甚至 00940、00939 一掛牌就破發，今日全部重挫創新低，全市場九成的人都住進套房。


也因為這現象，鄭瑞宗認為這次加權指數的補跌修正，反倒不是壞事，因為加權指數與台積電掛勾明顯，都只是高檔剛開始修正，其他很多中小型股都已經跌 1~2 個月，反倒會先反彈，最佳例子就是矽智財 IP 股族群，鄭瑞宗統計所有 IP 股，這波高點分別出現在 2~3 月不等，自最高點計算到近期低點，平均跌幅竟然高達 36%，其中跌幅超過 4 成的有 (8227-TW) 巨有科 - 49%，(6643-TW)M31-43%，(3661-TW)世芯 - 40%，(3443-TW)創意 - 40%，都是這波領先下跌的重災戶，世芯也讓出了股王寶座，但就在今日大盤重挫之際，今日 (6643-TW) M31 收盤 + 7.3%，(8054-TW) 安國 + 6.1%，(6462-TW)神盾 + 4.1%，(3661-TW)世芯 + 2.7%，(3443-TW)創意 + 2.1%，整組同步出現反攻的態勢，這顯示市場資金又開始輪動，回頭買進先跌的低檔股，IP 股就是指標。


世芯 3 月營收創歷史新高，法說也澄清並未掉亞馬遜的單，據我了解 2Q 仍維持成長，微軟、谷哥、亞馬遜、META 等自研 AI 晶片已成趨勢，世芯市場越來越大，我認為股價已被嚴重錯殺，跌破季線者先朝季線反彈。


M31 盤中一度亮燈漲停，這波也是超跌股，市場過度反應 3 月營收衰退的利空，2Q 不會太差，並且簽下 3 奈米新案子的重大利多，這貢獻會遠高於舊製程的產品，下半年將展現營運爆發力，也不難漲回季線之上。


安國盤中漲 9%，這波拉回是未破季線強勢股，點到季線就反彈大漲，上檔套牢並不嚴重，上個月新簽下三星、SONY 新案子的利多，加上台積電也把某家 IP 公司的單子轉到安國，下半年有 5~6 個案子要設計定案，基本面利多不斷，今年估計要賺 > 7 元，ASIC 公司之前 PE 都超過 40 倍，目前 156.5 元空間仍很大。


神盾盤中則大漲 7%，這次回檔也是快點到季線就反彈，技術面都很強勢，上個月併購日本 IP 廠，以影像感測 IP 為主，最先進節點為 6 奈米，最大客戶為 SONY，本來三星就是大客戶，所以三星、SONY 訂單都到手，至此高速傳輸 IP、影像感測 IP 都有了，都是 AI、AI 機器人最需要的 IP，神盾今年持續進軍 IP 產業企圖心不斷展現，EPS 估計上看 15 倍，純 IP 股力旺、M31 的 PE 一度都超過 100 倍，神盾慢慢轉型不可能一下子 100 倍，但先調整至 30~40 倍很合理。


鄭瑞宗指出，金麗科則是 IP 股中這波跌最少的第一強勢股，今日雖沒跟著反彈，但上檔套牢籌碼最少，未來有機會最快過高，四月可望有新 NRE 入帳營收會更好。64 位元 CPU 進入最後 OS 測試，只要完成會有更多大陸客戶搶進，要搶攻中國行政電腦換機市場。PCIE 的部分，之前公司評估 2Q 會有兩個客戶完成簽約，目前有更多新客戶參與討論，這塊將是未來兩年爆發力最大的一塊。


國際股市因這次以色列、伊朗緊張的局勢，走一波回檔修正，剛好收斂一下台股過高的乖離，卻也讓先跌的股票，出現反彈的契機，而 IP 股常常是中小型股的領頭羊，只要 IP 股漲勢延續，就會陸續帶動 IC 設計、AI 股的表現，水冷散熱、水冷機殼、AI 機器人、CCL、連接器、CPO 等都陸續進入修正中，要不了多久就會重啟一波新漲勢。


採訪來源: 大華國際投顧 鄭瑞宗分析師


想了解更多盤勢看法以及個股資訊，歡迎踴躍加入鄭老師 LINE 官方帳號，YT 頻道也要一起訂閱喔


指數補跌不是壞事！安國、M31、世芯跌深先反攻！




LINE 官方帳號 
https://lin.ee/oiwWmOx


ID:@stockmaster


YT 頻道 
www.youtube.com/@stockmaster168


本公司所推薦分析之個別有價證券 無不當之財務利益關係 以往之績效不保證未來獲利 投資人應獨立判斷 審慎評估並自負投資風險",2024-04-16 19:00:06,23291,無摘要,"['M31', '世芯-KY', '創意', '安國', '神盾', '巨有科技', '巨有科技']",7d34fc81-caa5-4f28-95ce-cc7e3f69526d
八大官股急撒142億元護盤 狂敲台積電、5檔高股息ETF,"['八大官股', '護盤', '高股息', 'ETF', '台股', '台積電']","台股今 (16) 日跳水重挫逾 500 點，失守 2 萬點大關，不過，八大公股銀行券商持續進場護盤，大撒銀彈約 142 億元，創今年以來單日最大量，累計 2 個交易日買超 230 億元，力抗外資賣壓，觀察買超金額排名，台積電仍為國家隊護盤首選，同時擴大敲進高股息 ETF，前十名中就有 5 檔。


加權指數今天終場下跌 547.81 點，收在 19901.96 點，摜破 2 萬點關卡及月線，創 18 個月以來單日最大跌點，市值蒸發約 1.73 兆元，降至 63.28 兆元，外資單日重砍 388 億元，自營商亦狂賣 200 億元，不過，投信逆勢買超 16 億元。


觀察今天八大官股買超排行榜，護國神山台積電 (2330-TW) 再度成為護盤的主要標的，八大官股單日敲進 3246 張、25.6 億元，近 2 日合計買超 4956 張、39.39 億元。


八大官股也青睞台股高息 ETF，復華台灣科技優息 (00929-TW) 獲買超 7.09 億元，排名居次，群益台灣精選高息 (00919-TW) 獲買超 5.68 億元，位列第三。


此外，元大台灣價值高息 (00940-TW)、元大高股息 (0056-TW) 分別獲買超  4.49 億元、4.28 億元，排名第七及第八名，國泰永續高股息 (00878-TW) 也以 2.96 億元擠進前十名。第九名則為群益 ESG 投等債 20+(00937B-TWO)，獲買超 3.19 億元。


至於其他個股方面，八大官股力挺電子權值股，除了台積電外，今天也買超聯發科 (2454-TW)5.63 億元，為買超第四名，AI 伺服器概念股的廣達 (2382-TW) 與緯創 (3231-TW) 各獲買超約 5 億元，位居第五、六名。


PGIM 保德信新世紀基金經理人廖炳焜分析，目前盤面並沒有出現恐慌氣氛，且分析美國與台灣的經濟基本面仍相當強健，以總經面的角度來看並不存在股市大幅修正的條件，雖然短線指數跌破 2 萬點，預期 3 月 8 日低點為這波拉回的強勁支撐，只要不跌破多方仍佔優勢。


廖炳焜認為，在短期技術指標轉弱、中長期多頭格局未變的前提下，市場在等待 18 日的晶圓龍頭大廠法說會釋出激勵多方的正面訊息，但近期仍須留意中東情勢發展，中長線則需持續觀察美國大選、美中競爭、經濟動能趨緩等議題。",2024-04-16 19:07:26,23290,台股今 (16) 日跳水重挫逾 500 點，失守 2 萬點大關，不過，八大公股銀行券商持續進場護盤，大撒銀彈約 142 億元，創今年以來單日最大量，累計 2 個交易日買超 230 億元，力抗外資賣壓，觀察買超金額排名,"['台積電', '聯發科', '廣達', '緯創', '復華台灣科技優息', '群益台灣精選高息', '元大台灣價值高息', '元大高股息', '國泰永續高股息']",086a793e-8259-4a11-ae32-6a916cc7d9e9
可寧衛去年EPS 9.12元 擬配發每股10元現金股息 殖利率5.56%,"['營收', '可寧衛', '股息', '殖利率']","事業廢棄物處理大廠可寧衛 (8422-TW) 今 (16) 日公布 2023 年股利，將以盈餘配發股息 7 元，並以資本公積配發 3 元現金，合計爲每股配發 10 元現金，以可寧衛去年每股純益 9.12 元計算，盈餘配發率爲 109%。


以可寧衛今天收盤價 180 元計算，股息現金殖利率爲 5.56%。


可寧衛 2023 年營收達 42.74 億元，年減 18.5%，稅後純益 9.94 億元，每股純益 9.12 元，可寧衛指出，看好 2024 年整體營運可望成長。",2024-04-16 20:02:49,23289,事業廢棄物處理大廠可寧衛 (8422-TW) 今 (16) 日公布 2023 年股利，將以盈餘配發股息 7 元，並以資本公積配發 3 元現金，合計爲每股配發 10 元現金，以可寧衛去年每股純益 9.12 元計算，盈餘配發率爲 109%。,['可寧衛'],56e20a87-87a0-444a-8618-e96ebcbfcd9a
保險業2026接軌ICS 金管會釋第三階段在地化、過渡性措施,"['金管會', '保險業', '接軌', '風險係數', '過渡性', '在地化']","為協助保險業接軌新一代清償能力制度 (TW-ICS)，金管會保險局今 (16) 日公布第三階段在地化、過渡性措施，其中，壽險業在 2023 年底前持有的可贖回債，在最近可贖回日前的利息可納入適格資產，此外，新興風險訂定 15 年自 0% 線性遞增至 100%。至於差異化管理，將依業者的增資及新契約貢獻 (CSM) 努力情形，在不增加國外投資額度下，增訂「提高保險業資產配置彈性」配套措施及「降低風險係數」獎勵措施。


關於在地化措施—可贖回債納入適格資產，保險局長施瓊華說明，可贖回債於我國保險業資金配置具一定比率，但依國際保險監理官協會 (IAIS) 發布的 ICS 2.0 規定，可贖回債因於存續期間可能被贖回，不具固定收益性質，故非屬適格資產，不利保險業者進行資產負債管理。


不過，金管會考量可贖回債在最近可贖回日前之現金流量仍具固定收益性質，因此參酌國際經驗後，規定保險業者於 2023 年 12 月 31 日前持有之可贖回債 (不包括結構債)，其最近可贖回日前的現金流量 (利息部分) 可納入適格資產；至於 2024 年起新增的可贖回債仍應適用 ICS 規定。


至於過渡性措施，施瓊華說，相對於現行 RBC 制度，TW-ICS 新增的新興風險對保險業者實為一大挑戰，金管會為協助業者循序漸進導入 TW-ICS，在充分考量業者負擔能力，同時參酌國際經驗及業者建議，針對新興風險 (包含長壽、脫退、費用及巨災風險等)，訂定 15 年自 0% 線性遞增至 100% 的過渡性措施，希望有利業者逐步接軌。


施瓊華提及，金管會日前邀集壽險業者分享資產負債管理及交換意見，主委黃天牧指出，為協助業者順利接軌，將採五大原則，包括考慮國情、循序漸進、差異化管理、設有誘因機制並五年定期檢討，會針對規模大中小推出差異化管理措施。


施瓊華進一步解釋首次申請獎勵措施選擇權利，為完整衡酌各公司於接軌二制度的努力程度，將依 2013 年度起至首次申請時之累進增資金額占風險資本比率，給予 1 至 4 次獎勵措施選擇權利。


至於累進增資金額的計算，增資以淨額計算，並考量各類資本損失吸收能力，分別就第一類非限制性資本 (T1U)、第一類限制性資本 (T1L) 及第二類資本 (T2) 給予 100%、90% 及 80% 之權重 (亦即累進增資金額＝T1U*100%+T1L*90%+T2*80%)。


此外，金管會將於過渡期間 (接軌後 15 年內) 每年檢視各公司所提報 CSM 預計數的達成情形，當達成率達 100% 時，可申請政策性公共建設風險係數獎勵措施；達成率達 105% 時，除政策性公共建設獎勵措施外，可額外申請股票風險係數獎勵措施。",2024-04-16 20:04:13,23288,為協助保險業接軌新一代清償能力制度 (TW-ICS)，金管會保險局今 (16) 日公布第三階段在地化、過渡性措施，其中，壽險業在 2023 年底前持有的可贖回債，在最近可贖回日前的利息可納入適格資產,[],e2750e68-6f60-45ff-b5db-c1023e47fff6
擔心中東局勢挫美股？鉅亨買基金：拉回就是好買點 留意全球股與美股基金,"['鉅亨買基金', '美股', '基金']","昨 (15) 日美國公布 3 月零售銷售數據大幅優於預期，美國 10 年公債殖利率一度飆升至 4.66%，加上傳出以色列可能對伊朗展開反擊行動，擴大兩國衝突規模，兩大利空因素同時打壓美國股市。投資人擔心中東局勢重挫美股，但此刻拉回就是好買點，可留意布局全球股票基金與美股基金。


「鉅亨買基金」投資研究團隊指出，4 月以來，從製造業採購經理人指數、職位空缺數、新增非農就業人數、消費者物價年增率到最新的零售銷售，皆優於市場預期。對於美國今年經濟成長率預期也從去年底的 1.3% 升高至 2.2%。強勁的數據影響市場對聯準會降息的期待，聯邦基金利率年底預估值由 3.75% 升至 4.9%，關係著各類資產價格的美國 10 年公債殖利率則從 3.9% 升至 4.6%。


「鉅亨買基金」總經理張榮仁提醒，股價由本益比與每股盈餘兩個變數組成，美國 10 年公債殖利率的升高有可能對本益比帶來不利影響，但好的經濟數據也等於每股盈餘增加，對本益比的衝擊結束後，股市會重新回到檢視每股盈餘變化的基本面。


此外，許多投資人擔心以色列與伊朗的衝突會導致油價與通貨膨脹率失控，迫使聯準會大幅升息並引起經濟衰退。回顧 1970 年代第一次石油危機爆發前，美國西德州原油價格為每桶 3.56 美元，戰爭與石油禁運後，來到每桶 11.16 美元，同期間美國消費者物價指數上漲 15.4%。


不過，鉅亨買基金研究團隊表示，目前與 1970 年代不同，現今美國原油供需情況為供給大於需求，應不致產生相同危機。另一方面，除了已被制裁的伊朗外，其他 OPEC 產油國並沒有想加入戰爭的跡象，而沙烏地阿拉伯、阿拉伯聯合大公國與科威特還有每日近 500 萬桶的閒置產能。因此，油價很難與 1970 年代一樣，短期上漲好幾倍，已開發國家通貨膨脹率再次失控的可能性不高。


張榮仁也進一步點出，只要通膨不失控，聯準會就能專心讓美國經濟健康成長，並避開經濟衰退。此刻，全球股票型基金與美國股票型基金是值得長線持續買進的好選擇。建議投資人不妨把握回檔機會，運用「鉅亨買基金」申購，全系列基金不但 0 手續費，也無信託保管費，有效掌握契機，累積個人資產。",2024-04-16 21:36:13,23287,昨 (15) 日美國公布 3 月零售銷售數據大幅優於預期，美國 10 年公債殖利率一度飆升至 4.66%，加上傳出以色列可能對伊朗展開反擊行動，,[],8d44b03d-15ff-4f48-8512-9fc453542c72
